{
  "build": "py38h50d1736_0",
  "build_number": 0,
  "channel": "https://conda.anaconda.org/conda-forge/osx-64",
  "constrains": [],
  "depends": [
    "lazy-object-proxy >=1.4.0",
    "python >=3.8,<3.9.0a0",
    "python_abi 3.8.* *_cp38",
    "setuptools >=20.0",
    "typing-extensions >=3.10",
    "wrapt >=1.11,<1.14"
  ],
  "extracted_package_dir": "/opt/homebrew/anaconda3/pkgs/astroid-2.9.3-py38h50d1736_0",
  "features": "",
  "files": [
    "lib/python3.8/site-packages/astroid-2.9.3.dist-info/INSTALLER",
    "lib/python3.8/site-packages/astroid-2.9.3.dist-info/LICENSE",
    "lib/python3.8/site-packages/astroid-2.9.3.dist-info/METADATA",
    "lib/python3.8/site-packages/astroid-2.9.3.dist-info/RECORD",
    "lib/python3.8/site-packages/astroid-2.9.3.dist-info/REQUESTED",
    "lib/python3.8/site-packages/astroid-2.9.3.dist-info/WHEEL",
    "lib/python3.8/site-packages/astroid-2.9.3.dist-info/direct_url.json",
    "lib/python3.8/site-packages/astroid-2.9.3.dist-info/top_level.txt",
    "lib/python3.8/site-packages/astroid/__init__.py",
    "lib/python3.8/site-packages/astroid/__pkginfo__.py",
    "lib/python3.8/site-packages/astroid/__pycache__/__init__.cpython-38.pyc",
    "lib/python3.8/site-packages/astroid/__pycache__/__pkginfo__.cpython-38.pyc",
    "lib/python3.8/site-packages/astroid/__pycache__/_ast.cpython-38.pyc",
    "lib/python3.8/site-packages/astroid/__pycache__/arguments.cpython-38.pyc",
    "lib/python3.8/site-packages/astroid/__pycache__/astroid_manager.cpython-38.pyc",
    "lib/python3.8/site-packages/astroid/__pycache__/bases.cpython-38.pyc",
    "lib/python3.8/site-packages/astroid/__pycache__/builder.cpython-38.pyc",
    "lib/python3.8/site-packages/astroid/__pycache__/const.cpython-38.pyc",
    "lib/python3.8/site-packages/astroid/__pycache__/context.cpython-38.pyc",
    "lib/python3.8/site-packages/astroid/__pycache__/decorators.cpython-38.pyc",
    "lib/python3.8/site-packages/astroid/__pycache__/exceptions.cpython-38.pyc",
    "lib/python3.8/site-packages/astroid/__pycache__/filter_statements.cpython-38.pyc",
    "lib/python3.8/site-packages/astroid/__pycache__/helpers.cpython-38.pyc",
    "lib/python3.8/site-packages/astroid/__pycache__/inference.cpython-38.pyc",
    "lib/python3.8/site-packages/astroid/__pycache__/inference_tip.cpython-38.pyc",
    "lib/python3.8/site-packages/astroid/__pycache__/manager.cpython-38.pyc",
    "lib/python3.8/site-packages/astroid/__pycache__/mixins.cpython-38.pyc",
    "lib/python3.8/site-packages/astroid/__pycache__/modutils.cpython-38.pyc",
    "lib/python3.8/site-packages/astroid/__pycache__/node_classes.cpython-38.pyc",
    "lib/python3.8/site-packages/astroid/__pycache__/objects.cpython-38.pyc",
    "lib/python3.8/site-packages/astroid/__pycache__/protocols.cpython-38.pyc",
    "lib/python3.8/site-packages/astroid/__pycache__/raw_building.cpython-38.pyc",
    "lib/python3.8/site-packages/astroid/__pycache__/rebuilder.cpython-38.pyc",
    "lib/python3.8/site-packages/astroid/__pycache__/scoped_nodes.cpython-38.pyc",
    "lib/python3.8/site-packages/astroid/__pycache__/test_utils.cpython-38.pyc",
    "lib/python3.8/site-packages/astroid/__pycache__/transforms.cpython-38.pyc",
    "lib/python3.8/site-packages/astroid/__pycache__/util.cpython-38.pyc",
    "lib/python3.8/site-packages/astroid/_ast.py",
    "lib/python3.8/site-packages/astroid/arguments.py",
    "lib/python3.8/site-packages/astroid/astroid_manager.py",
    "lib/python3.8/site-packages/astroid/bases.py",
    "lib/python3.8/site-packages/astroid/brain/__init__.py",
    "lib/python3.8/site-packages/astroid/brain/__pycache__/__init__.cpython-38.pyc",
    "lib/python3.8/site-packages/astroid/brain/__pycache__/brain_argparse.cpython-38.pyc",
    "lib/python3.8/site-packages/astroid/brain/__pycache__/brain_attrs.cpython-38.pyc",
    "lib/python3.8/site-packages/astroid/brain/__pycache__/brain_boto3.cpython-38.pyc",
    "lib/python3.8/site-packages/astroid/brain/__pycache__/brain_builtin_inference.cpython-38.pyc",
    "lib/python3.8/site-packages/astroid/brain/__pycache__/brain_collections.cpython-38.pyc",
    "lib/python3.8/site-packages/astroid/brain/__pycache__/brain_crypt.cpython-38.pyc",
    "lib/python3.8/site-packages/astroid/brain/__pycache__/brain_ctypes.cpython-38.pyc",
    "lib/python3.8/site-packages/astroid/brain/__pycache__/brain_curses.cpython-38.pyc",
    "lib/python3.8/site-packages/astroid/brain/__pycache__/brain_dataclasses.cpython-38.pyc",
    "lib/python3.8/site-packages/astroid/brain/__pycache__/brain_dateutil.cpython-38.pyc",
    "lib/python3.8/site-packages/astroid/brain/__pycache__/brain_fstrings.cpython-38.pyc",
    "lib/python3.8/site-packages/astroid/brain/__pycache__/brain_functools.cpython-38.pyc",
    "lib/python3.8/site-packages/astroid/brain/__pycache__/brain_gi.cpython-38.pyc",
    "lib/python3.8/site-packages/astroid/brain/__pycache__/brain_hashlib.cpython-38.pyc",
    "lib/python3.8/site-packages/astroid/brain/__pycache__/brain_http.cpython-38.pyc",
    "lib/python3.8/site-packages/astroid/brain/__pycache__/brain_hypothesis.cpython-38.pyc",
    "lib/python3.8/site-packages/astroid/brain/__pycache__/brain_io.cpython-38.pyc",
    "lib/python3.8/site-packages/astroid/brain/__pycache__/brain_mechanize.cpython-38.pyc",
    "lib/python3.8/site-packages/astroid/brain/__pycache__/brain_multiprocessing.cpython-38.pyc",
    "lib/python3.8/site-packages/astroid/brain/__pycache__/brain_namedtuple_enum.cpython-38.pyc",
    "lib/python3.8/site-packages/astroid/brain/__pycache__/brain_nose.cpython-38.pyc",
    "lib/python3.8/site-packages/astroid/brain/__pycache__/brain_numpy_core_fromnumeric.cpython-38.pyc",
    "lib/python3.8/site-packages/astroid/brain/__pycache__/brain_numpy_core_function_base.cpython-38.pyc",
    "lib/python3.8/site-packages/astroid/brain/__pycache__/brain_numpy_core_multiarray.cpython-38.pyc",
    "lib/python3.8/site-packages/astroid/brain/__pycache__/brain_numpy_core_numeric.cpython-38.pyc",
    "lib/python3.8/site-packages/astroid/brain/__pycache__/brain_numpy_core_numerictypes.cpython-38.pyc",
    "lib/python3.8/site-packages/astroid/brain/__pycache__/brain_numpy_core_umath.cpython-38.pyc",
    "lib/python3.8/site-packages/astroid/brain/__pycache__/brain_numpy_ma.cpython-38.pyc",
    "lib/python3.8/site-packages/astroid/brain/__pycache__/brain_numpy_ndarray.cpython-38.pyc",
    "lib/python3.8/site-packages/astroid/brain/__pycache__/brain_numpy_random_mtrand.cpython-38.pyc",
    "lib/python3.8/site-packages/astroid/brain/__pycache__/brain_numpy_utils.cpython-38.pyc",
    "lib/python3.8/site-packages/astroid/brain/__pycache__/brain_pkg_resources.cpython-38.pyc",
    "lib/python3.8/site-packages/astroid/brain/__pycache__/brain_pytest.cpython-38.pyc",
    "lib/python3.8/site-packages/astroid/brain/__pycache__/brain_qt.cpython-38.pyc",
    "lib/python3.8/site-packages/astroid/brain/__pycache__/brain_random.cpython-38.pyc",
    "lib/python3.8/site-packages/astroid/brain/__pycache__/brain_re.cpython-38.pyc",
    "lib/python3.8/site-packages/astroid/brain/__pycache__/brain_responses.cpython-38.pyc",
    "lib/python3.8/site-packages/astroid/brain/__pycache__/brain_scipy_signal.cpython-38.pyc",
    "lib/python3.8/site-packages/astroid/brain/__pycache__/brain_signal.cpython-38.pyc",
    "lib/python3.8/site-packages/astroid/brain/__pycache__/brain_six.cpython-38.pyc",
    "lib/python3.8/site-packages/astroid/brain/__pycache__/brain_sqlalchemy.cpython-38.pyc",
    "lib/python3.8/site-packages/astroid/brain/__pycache__/brain_ssl.cpython-38.pyc",
    "lib/python3.8/site-packages/astroid/brain/__pycache__/brain_subprocess.cpython-38.pyc",
    "lib/python3.8/site-packages/astroid/brain/__pycache__/brain_threading.cpython-38.pyc",
    "lib/python3.8/site-packages/astroid/brain/__pycache__/brain_type.cpython-38.pyc",
    "lib/python3.8/site-packages/astroid/brain/__pycache__/brain_typing.cpython-38.pyc",
    "lib/python3.8/site-packages/astroid/brain/__pycache__/brain_unittest.cpython-38.pyc",
    "lib/python3.8/site-packages/astroid/brain/__pycache__/brain_uuid.cpython-38.pyc",
    "lib/python3.8/site-packages/astroid/brain/__pycache__/helpers.cpython-38.pyc",
    "lib/python3.8/site-packages/astroid/brain/brain_argparse.py",
    "lib/python3.8/site-packages/astroid/brain/brain_attrs.py",
    "lib/python3.8/site-packages/astroid/brain/brain_boto3.py",
    "lib/python3.8/site-packages/astroid/brain/brain_builtin_inference.py",
    "lib/python3.8/site-packages/astroid/brain/brain_collections.py",
    "lib/python3.8/site-packages/astroid/brain/brain_crypt.py",
    "lib/python3.8/site-packages/astroid/brain/brain_ctypes.py",
    "lib/python3.8/site-packages/astroid/brain/brain_curses.py",
    "lib/python3.8/site-packages/astroid/brain/brain_dataclasses.py",
    "lib/python3.8/site-packages/astroid/brain/brain_dateutil.py",
    "lib/python3.8/site-packages/astroid/brain/brain_fstrings.py",
    "lib/python3.8/site-packages/astroid/brain/brain_functools.py",
    "lib/python3.8/site-packages/astroid/brain/brain_gi.py",
    "lib/python3.8/site-packages/astroid/brain/brain_hashlib.py",
    "lib/python3.8/site-packages/astroid/brain/brain_http.py",
    "lib/python3.8/site-packages/astroid/brain/brain_hypothesis.py",
    "lib/python3.8/site-packages/astroid/brain/brain_io.py",
    "lib/python3.8/site-packages/astroid/brain/brain_mechanize.py",
    "lib/python3.8/site-packages/astroid/brain/brain_multiprocessing.py",
    "lib/python3.8/site-packages/astroid/brain/brain_namedtuple_enum.py",
    "lib/python3.8/site-packages/astroid/brain/brain_nose.py",
    "lib/python3.8/site-packages/astroid/brain/brain_numpy_core_fromnumeric.py",
    "lib/python3.8/site-packages/astroid/brain/brain_numpy_core_function_base.py",
    "lib/python3.8/site-packages/astroid/brain/brain_numpy_core_multiarray.py",
    "lib/python3.8/site-packages/astroid/brain/brain_numpy_core_numeric.py",
    "lib/python3.8/site-packages/astroid/brain/brain_numpy_core_numerictypes.py",
    "lib/python3.8/site-packages/astroid/brain/brain_numpy_core_umath.py",
    "lib/python3.8/site-packages/astroid/brain/brain_numpy_ma.py",
    "lib/python3.8/site-packages/astroid/brain/brain_numpy_ndarray.py",
    "lib/python3.8/site-packages/astroid/brain/brain_numpy_random_mtrand.py",
    "lib/python3.8/site-packages/astroid/brain/brain_numpy_utils.py",
    "lib/python3.8/site-packages/astroid/brain/brain_pkg_resources.py",
    "lib/python3.8/site-packages/astroid/brain/brain_pytest.py",
    "lib/python3.8/site-packages/astroid/brain/brain_qt.py",
    "lib/python3.8/site-packages/astroid/brain/brain_random.py",
    "lib/python3.8/site-packages/astroid/brain/brain_re.py",
    "lib/python3.8/site-packages/astroid/brain/brain_responses.py",
    "lib/python3.8/site-packages/astroid/brain/brain_scipy_signal.py",
    "lib/python3.8/site-packages/astroid/brain/brain_signal.py",
    "lib/python3.8/site-packages/astroid/brain/brain_six.py",
    "lib/python3.8/site-packages/astroid/brain/brain_sqlalchemy.py",
    "lib/python3.8/site-packages/astroid/brain/brain_ssl.py",
    "lib/python3.8/site-packages/astroid/brain/brain_subprocess.py",
    "lib/python3.8/site-packages/astroid/brain/brain_threading.py",
    "lib/python3.8/site-packages/astroid/brain/brain_type.py",
    "lib/python3.8/site-packages/astroid/brain/brain_typing.py",
    "lib/python3.8/site-packages/astroid/brain/brain_unittest.py",
    "lib/python3.8/site-packages/astroid/brain/brain_uuid.py",
    "lib/python3.8/site-packages/astroid/brain/helpers.py",
    "lib/python3.8/site-packages/astroid/builder.py",
    "lib/python3.8/site-packages/astroid/const.py",
    "lib/python3.8/site-packages/astroid/context.py",
    "lib/python3.8/site-packages/astroid/decorators.py",
    "lib/python3.8/site-packages/astroid/exceptions.py",
    "lib/python3.8/site-packages/astroid/filter_statements.py",
    "lib/python3.8/site-packages/astroid/helpers.py",
    "lib/python3.8/site-packages/astroid/inference.py",
    "lib/python3.8/site-packages/astroid/inference_tip.py",
    "lib/python3.8/site-packages/astroid/interpreter/__init__.py",
    "lib/python3.8/site-packages/astroid/interpreter/__pycache__/__init__.cpython-38.pyc",
    "lib/python3.8/site-packages/astroid/interpreter/__pycache__/dunder_lookup.cpython-38.pyc",
    "lib/python3.8/site-packages/astroid/interpreter/__pycache__/objectmodel.cpython-38.pyc",
    "lib/python3.8/site-packages/astroid/interpreter/_import/__init__.py",
    "lib/python3.8/site-packages/astroid/interpreter/_import/__pycache__/__init__.cpython-38.pyc",
    "lib/python3.8/site-packages/astroid/interpreter/_import/__pycache__/spec.cpython-38.pyc",
    "lib/python3.8/site-packages/astroid/interpreter/_import/__pycache__/util.cpython-38.pyc",
    "lib/python3.8/site-packages/astroid/interpreter/_import/spec.py",
    "lib/python3.8/site-packages/astroid/interpreter/_import/util.py",
    "lib/python3.8/site-packages/astroid/interpreter/dunder_lookup.py",
    "lib/python3.8/site-packages/astroid/interpreter/objectmodel.py",
    "lib/python3.8/site-packages/astroid/manager.py",
    "lib/python3.8/site-packages/astroid/mixins.py",
    "lib/python3.8/site-packages/astroid/modutils.py",
    "lib/python3.8/site-packages/astroid/node_classes.py",
    "lib/python3.8/site-packages/astroid/nodes/__init__.py",
    "lib/python3.8/site-packages/astroid/nodes/__pycache__/__init__.cpython-38.pyc",
    "lib/python3.8/site-packages/astroid/nodes/__pycache__/as_string.cpython-38.pyc",
    "lib/python3.8/site-packages/astroid/nodes/__pycache__/const.cpython-38.pyc",
    "lib/python3.8/site-packages/astroid/nodes/__pycache__/node_classes.cpython-38.pyc",
    "lib/python3.8/site-packages/astroid/nodes/__pycache__/node_ng.cpython-38.pyc",
    "lib/python3.8/site-packages/astroid/nodes/as_string.py",
    "lib/python3.8/site-packages/astroid/nodes/const.py",
    "lib/python3.8/site-packages/astroid/nodes/node_classes.py",
    "lib/python3.8/site-packages/astroid/nodes/node_ng.py",
    "lib/python3.8/site-packages/astroid/nodes/scoped_nodes/__init__.py",
    "lib/python3.8/site-packages/astroid/nodes/scoped_nodes/__pycache__/__init__.cpython-38.pyc",
    "lib/python3.8/site-packages/astroid/nodes/scoped_nodes/__pycache__/scoped_nodes.cpython-38.pyc",
    "lib/python3.8/site-packages/astroid/nodes/scoped_nodes/scoped_nodes.py",
    "lib/python3.8/site-packages/astroid/objects.py",
    "lib/python3.8/site-packages/astroid/protocols.py",
    "lib/python3.8/site-packages/astroid/raw_building.py",
    "lib/python3.8/site-packages/astroid/rebuilder.py",
    "lib/python3.8/site-packages/astroid/scoped_nodes.py",
    "lib/python3.8/site-packages/astroid/test_utils.py",
    "lib/python3.8/site-packages/astroid/transforms.py",
    "lib/python3.8/site-packages/astroid/util.py"
  ],
  "fn": "astroid-2.9.3-py38h50d1736_0.tar.bz2",
  "license": "LGPL-2.1-or-later",
  "license_family": "LGPL",
  "link": {
    "source": "/opt/homebrew/anaconda3/pkgs/astroid-2.9.3-py38h50d1736_0",
    "type": 1
  },
  "md5": "c8cc9dcbea98830ead88f4fde7fac90d",
  "name": "astroid",
  "package_tarball_full_path": "/opt/homebrew/anaconda3/pkgs/astroid-2.9.3-py38h50d1736_0.tar.bz2",
  "paths_data": {
    "paths": [
      {
        "_path": "lib/python3.8/site-packages/astroid-2.9.3.dist-info/INSTALLER",
        "path_type": "hardlink",
        "sha256": "d0edee15f91b406f3f99726e44eb990be6e34fd0345b52b910c568e0eef6a2a8",
        "sha256_in_prefix": "d0edee15f91b406f3f99726e44eb990be6e34fd0345b52b910c568e0eef6a2a8",
        "size_in_bytes": 5
      },
      {
        "_path": "lib/python3.8/site-packages/astroid-2.9.3.dist-info/LICENSE",
        "path_type": "hardlink",
        "sha256": "fea16bda9e734dea0d9c8d9f5b909878ef4171626354329609fffcf3db42cb24",
        "sha256_in_prefix": "fea16bda9e734dea0d9c8d9f5b909878ef4171626354329609fffcf3db42cb24",
        "size_in_bytes": 26516
      },
      {
        "_path": "lib/python3.8/site-packages/astroid-2.9.3.dist-info/METADATA",
        "path_type": "hardlink",
        "sha256": "11a876c2c2b601e7282ab7f944881d6bae48998a186aec8ec17a537ec06cf864",
        "sha256_in_prefix": "11a876c2c2b601e7282ab7f944881d6bae48998a186aec8ec17a537ec06cf864",
        "size_in_bytes": 1830
      },
      {
        "_path": "lib/python3.8/site-packages/astroid-2.9.3.dist-info/RECORD",
        "path_type": "hardlink",
        "sha256": "af8b32f44aad54205026ae1c32593e7298edf3ec098a24390547e73a474b211e",
        "sha256_in_prefix": "af8b32f44aad54205026ae1c32593e7298edf3ec098a24390547e73a474b211e",
        "size_in_bytes": 13532
      },
      {
        "_path": "lib/python3.8/site-packages/astroid-2.9.3.dist-info/REQUESTED",
        "path_type": "hardlink",
        "sha256": "e3b0c44298fc1c149afbf4c8996fb92427ae41e4649b934ca495991b7852b855",
        "sha256_in_prefix": "e3b0c44298fc1c149afbf4c8996fb92427ae41e4649b934ca495991b7852b855",
        "size_in_bytes": 0
      },
      {
        "_path": "lib/python3.8/site-packages/astroid-2.9.3.dist-info/WHEEL",
        "path_type": "hardlink",
        "sha256": "1b5e87e00dc87a84269cead8578b9e6462928e18a95f1f3373c9eef451a5bcc0",
        "sha256_in_prefix": "1b5e87e00dc87a84269cead8578b9e6462928e18a95f1f3373c9eef451a5bcc0",
        "size_in_bytes": 92
      },
      {
        "_path": "lib/python3.8/site-packages/astroid-2.9.3.dist-info/direct_url.json",
        "path_type": "hardlink",
        "sha256": "16fcf28107224f51fc83523a10c447c3cdba601f5502f44ef41499210b02a5bf",
        "sha256_in_prefix": "16fcf28107224f51fc83523a10c447c3cdba601f5502f44ef41499210b02a5bf",
        "size_in_bytes": 95
      },
      {
        "_path": "lib/python3.8/site-packages/astroid-2.9.3.dist-info/top_level.txt",
        "path_type": "hardlink",
        "sha256": "1ec756e0edb1ed95d18fa93e6a08b745a4326c62e86c8dd5484fa3b78bd05173",
        "sha256_in_prefix": "1ec756e0edb1ed95d18fa93e6a08b745a4326c62e86c8dd5484fa3b78bd05173",
        "size_in_bytes": 8
      },
      {
        "_path": "lib/python3.8/site-packages/astroid/__init__.py",
        "path_type": "hardlink",
        "sha256": "5810d755341a20c3df48463bb4ced75413b210f5b2dd1408157ebaafdf086bda",
        "sha256_in_prefix": "5810d755341a20c3df48463bb4ced75413b210f5b2dd1408157ebaafdf086bda",
        "size_in_bytes": 4806
      },
      {
        "_path": "lib/python3.8/site-packages/astroid/__pkginfo__.py",
        "path_type": "hardlink",
        "sha256": "f3c7263df9a9285fbb8d8f6763ce427fadbfe35f04b6b083e02ed6b6da132b34",
        "sha256_in_prefix": "f3c7263df9a9285fbb8d8f6763ce427fadbfe35f04b6b083e02ed6b6da132b34",
        "size_in_bytes": 1530
      },
      {
        "_path": "lib/python3.8/site-packages/astroid/__pycache__/__init__.cpython-38.pyc",
        "path_type": "hardlink",
        "sha256": "d95a0ff00690bf2a8554e0385ee3cb354f599b9b14b8902bd76e12437c51f58a",
        "sha256_in_prefix": "d95a0ff00690bf2a8554e0385ee3cb354f599b9b14b8902bd76e12437c51f58a",
        "size_in_bytes": 3933
      },
      {
        "_path": "lib/python3.8/site-packages/astroid/__pycache__/__pkginfo__.cpython-38.pyc",
        "path_type": "hardlink",
        "sha256": "12d608ad337ff7d34a58cb702645b894f77a70869ecb86ebae7cfddf22a4cf52",
        "sha256_in_prefix": "12d608ad337ff7d34a58cb702645b894f77a70869ecb86ebae7cfddf22a4cf52",
        "size_in_bytes": 177
      },
      {
        "_path": "lib/python3.8/site-packages/astroid/__pycache__/_ast.cpython-38.pyc",
        "path_type": "hardlink",
        "sha256": "08c9be3b8f6edee8f233a41c173df52bc0c8ba5e16f03858798408f6d9c0e381",
        "sha256_in_prefix": "08c9be3b8f6edee8f233a41c173df52bc0c8ba5e16f03858798408f6d9c0e381",
        "size_in_bytes": 3183
      },
      {
        "_path": "lib/python3.8/site-packages/astroid/__pycache__/arguments.cpython-38.pyc",
        "path_type": "hardlink",
        "sha256": "8ab5fd642ec25daa83ed7a0924feb5c93948d37afafad253f208d1695fc4406d",
        "sha256_in_prefix": "8ab5fd642ec25daa83ed7a0924feb5c93948d37afafad253f208d1695fc4406d",
        "size_in_bytes": 7848
      },
      {
        "_path": "lib/python3.8/site-packages/astroid/__pycache__/astroid_manager.cpython-38.pyc",
        "path_type": "hardlink",
        "sha256": "6c42b849c82aaa4f1cc74e3d048c68c1b77c768cdc126f76768af711c3bec864",
        "sha256_in_prefix": "6c42b849c82aaa4f1cc74e3d048c68c1b77c768cdc126f76768af711c3bec864",
        "size_in_bytes": 496
      },
      {
        "_path": "lib/python3.8/site-packages/astroid/__pycache__/bases.cpython-38.pyc",
        "path_type": "hardlink",
        "sha256": "1ef2154d426452922faa07e1da843ae4de6e3ae0b41668c258556b7d7900579a",
        "sha256_in_prefix": "1ef2154d426452922faa07e1da843ae4de6e3ae0b41668c258556b7d7900579a",
        "size_in_bytes": 17089
      },
      {
        "_path": "lib/python3.8/site-packages/astroid/__pycache__/builder.cpython-38.pyc",
        "path_type": "hardlink",
        "sha256": "85673444d491d5780436a68d1005d60d26086c12ec370bc5177777d51a9c4cf8",
        "sha256_in_prefix": "85673444d491d5780436a68d1005d60d26086c12ec370bc5177777d51a9c4cf8",
        "size_in_bytes": 13227
      },
      {
        "_path": "lib/python3.8/site-packages/astroid/__pycache__/const.cpython-38.pyc",
        "path_type": "hardlink",
        "sha256": "aaa09efd2e5e2c0b9764c8c7de76ca214068f758187f3ef884b8415ab095e825",
        "sha256_in_prefix": "aaa09efd2e5e2c0b9764c8c7de76ca214068f758187f3ef884b8415ab095e825",
        "size_in_bytes": 630
      },
      {
        "_path": "lib/python3.8/site-packages/astroid/__pycache__/context.cpython-38.pyc",
        "path_type": "hardlink",
        "sha256": "99c378e575470e33debe28205d13c2835827a92d646b46a8c2adc9c884f99b4e",
        "sha256_in_prefix": "99c378e575470e33debe28205d13c2835827a92d646b46a8c2adc9c884f99b4e",
        "size_in_bytes": 5213
      },
      {
        "_path": "lib/python3.8/site-packages/astroid/__pycache__/decorators.cpython-38.pyc",
        "path_type": "hardlink",
        "sha256": "a12709bc8c5aa1b4747dc290e14cdfc3904d2cf0d7816b98c6a673e28ccc9598",
        "sha256_in_prefix": "a12709bc8c5aa1b4747dc290e14cdfc3904d2cf0d7816b98c6a673e28ccc9598",
        "size_in_bytes": 5344
      },
      {
        "_path": "lib/python3.8/site-packages/astroid/__pycache__/exceptions.cpython-38.pyc",
        "path_type": "hardlink",
        "sha256": "19e3a450a906d0a7877a0dd98af1b01a29b3977bda313790e78d230e9f92a694",
        "sha256_in_prefix": "19e3a450a906d0a7877a0dd98af1b01a29b3977bda313790e78d230e9f92a694",
        "size_in_bytes": 10765
      },
      {
        "_path": "lib/python3.8/site-packages/astroid/__pycache__/filter_statements.cpython-38.pyc",
        "path_type": "hardlink",
        "sha256": "77acbe7a575c25f19416b6ea355e3117eb0d05eed06ab0b2f098c76059139ed0",
        "sha256_in_prefix": "77acbe7a575c25f19416b6ea355e3117eb0d05eed06ab0b2f098c76059139ed0",
        "size_in_bytes": 4004
      },
      {
        "_path": "lib/python3.8/site-packages/astroid/__pycache__/helpers.cpython-38.pyc",
        "path_type": "hardlink",
        "sha256": "20004cc0c4e51a9bf825c2565a653a4e20162a2a84ec065db980cbf941261565",
        "sha256_in_prefix": "20004cc0c4e51a9bf825c2565a653a4e20162a2a84ec065db980cbf941261565",
        "size_in_bytes": 7887
      },
      {
        "_path": "lib/python3.8/site-packages/astroid/__pycache__/inference.cpython-38.pyc",
        "path_type": "hardlink",
        "sha256": "a17cd0715673d07ad8b782eeb5ca35058ce387958f636b5170dda55079f78e38",
        "sha256_in_prefix": "a17cd0715673d07ad8b782eeb5ca35058ce387958f636b5170dda55079f78e38",
        "size_in_bytes": 23994
      },
      {
        "_path": "lib/python3.8/site-packages/astroid/__pycache__/inference_tip.cpython-38.pyc",
        "path_type": "hardlink",
        "sha256": "018c2567c8cb861b71fdf591fa6c1679063936a6fed48d6e406c60605da368dd",
        "sha256_in_prefix": "018c2567c8cb861b71fdf591fa6c1679063936a6fed48d6e406c60605da368dd",
        "size_in_bytes": 2283
      },
      {
        "_path": "lib/python3.8/site-packages/astroid/__pycache__/manager.cpython-38.pyc",
        "path_type": "hardlink",
        "sha256": "e4e68922c145e90c66da2230993b367c36416158c7cbee1f2512cc92fec99f12",
        "sha256_in_prefix": "e4e68922c145e90c66da2230993b367c36416158c7cbee1f2512cc92fec99f12",
        "size_in_bytes": 10190
      },
      {
        "_path": "lib/python3.8/site-packages/astroid/__pycache__/mixins.cpython-38.pyc",
        "path_type": "hardlink",
        "sha256": "0d1e4cea24207d1213ed072f12e72ef2104f291565286869bc10700bb1fe8387",
        "sha256_in_prefix": "0d1e4cea24207d1213ed072f12e72ef2104f291565286869bc10700bb1fe8387",
        "size_in_bytes": 6022
      },
      {
        "_path": "lib/python3.8/site-packages/astroid/__pycache__/modutils.cpython-38.pyc",
        "path_type": "hardlink",
        "sha256": "56b18206dd3632b3d755aad87a9b066e737ce701075eaf6103a764532cd4cfda",
        "sha256_in_prefix": "56b18206dd3632b3d755aad87a9b066e737ce701075eaf6103a764532cd4cfda",
        "size_in_bytes": 16661
      },
      {
        "_path": "lib/python3.8/site-packages/astroid/__pycache__/node_classes.cpython-38.pyc",
        "path_type": "hardlink",
        "sha256": "df14c99646dd5e2804e12a81bd49fa664e32b974c2a5a07fd2631dff953f640f",
        "sha256_in_prefix": "df14c99646dd5e2804e12a81bd49fa664e32b974c2a5a07fd2631dff953f640f",
        "size_in_bytes": 1841
      },
      {
        "_path": "lib/python3.8/site-packages/astroid/__pycache__/objects.cpython-38.pyc",
        "path_type": "hardlink",
        "sha256": "abbc639fb5b8ac45bf5837e0f7693c7bef51b0480a6326e05ff6a56f1cbf9aad",
        "sha256_in_prefix": "abbc639fb5b8ac45bf5837e0f7693c7bef51b0480a6326e05ff6a56f1cbf9aad",
        "size_in_bytes": 9831
      },
      {
        "_path": "lib/python3.8/site-packages/astroid/__pycache__/protocols.cpython-38.pyc",
        "path_type": "hardlink",
        "sha256": "1034e45d42fc79fd825d251c4e8c9b65eefcf85971d5077f9499809f44ab9bf6",
        "sha256_in_prefix": "1034e45d42fc79fd825d251c4e8c9b65eefcf85971d5077f9499809f44ab9bf6",
        "size_in_bytes": 18774
      },
      {
        "_path": "lib/python3.8/site-packages/astroid/__pycache__/raw_building.cpython-38.pyc",
        "path_type": "hardlink",
        "sha256": "396294b66a6da23406caa38eba8f0d37f3a2a92fbd83e13766f5d613702d3dd0",
        "sha256_in_prefix": "396294b66a6da23406caa38eba8f0d37f3a2a92fbd83e13766f5d613702d3dd0",
        "size_in_bytes": 12465
      },
      {
        "_path": "lib/python3.8/site-packages/astroid/__pycache__/rebuilder.cpython-38.pyc",
        "path_type": "hardlink",
        "sha256": "7b2c617210ba927bef74cd49830b2787c25fe3e00a03ef9a987821e1c61bfb79",
        "sha256_in_prefix": "7b2c617210ba927bef74cd49830b2787c25fe3e00a03ef9a987821e1c61bfb79",
        "size_in_bytes": 64041
      },
      {
        "_path": "lib/python3.8/site-packages/astroid/__pycache__/scoped_nodes.cpython-38.pyc",
        "path_type": "hardlink",
        "sha256": "c414df99bf4b01935a615ee24094ee6db17c8760230362eebdacc40f4af6459a",
        "sha256_in_prefix": "c414df99bf4b01935a615ee24094ee6db17c8760230362eebdacc40f4af6459a",
        "size_in_bytes": 698
      },
      {
        "_path": "lib/python3.8/site-packages/astroid/__pycache__/test_utils.cpython-38.pyc",
        "path_type": "hardlink",
        "sha256": "7f435fabfe2d74cba4357a4ac0fc6e29e0e171a6084de4138793066ebfeb5327",
        "sha256_in_prefix": "7f435fabfe2d74cba4357a4ac0fc6e29e0e171a6084de4138793066ebfeb5327",
        "size_in_bytes": 2995
      },
      {
        "_path": "lib/python3.8/site-packages/astroid/__pycache__/transforms.cpython-38.pyc",
        "path_type": "hardlink",
        "sha256": "91c2c441aabeb2e11b7e95ea82c0d6cb94550fd97fbfb5c91e31b3558a7f255c",
        "sha256_in_prefix": "91c2c441aabeb2e11b7e95ea82c0d6cb94550fd97fbfb5c91e31b3558a7f255c",
        "size_in_bytes": 3301
      },
      {
        "_path": "lib/python3.8/site-packages/astroid/__pycache__/util.cpython-38.pyc",
        "path_type": "hardlink",
        "sha256": "bcc2b66dce52a104f4063d5895b9ceb745e1d97c498de90974b4d71cf879a49e",
        "sha256_in_prefix": "bcc2b66dce52a104f4063d5895b9ceb745e1d97c498de90974b4d71cf879a49e",
        "size_in_bytes": 5086
      },
      {
        "_path": "lib/python3.8/site-packages/astroid/_ast.py",
        "path_type": "hardlink",
        "sha256": "b9a94c64a74138ba3e9216ca5416ea83bda144c684d761a81c246b7cac8d1b1c",
        "sha256_in_prefix": "b9a94c64a74138ba3e9216ca5416ea83bda144c684d761a81c246b7cac8d1b1c",
        "size_in_bytes": 3484
      },
      {
        "_path": "lib/python3.8/site-packages/astroid/arguments.py",
        "path_type": "hardlink",
        "sha256": "ac50087219b1da1c8ab6c91e0aaccc685f7555d7f6961fb56208712a55df1c1f",
        "sha256_in_prefix": "ac50087219b1da1c8ab6c91e0aaccc685f7555d7f6961fb56208712a55df1c1f",
        "size_in_bytes": 13365
      },
      {
        "_path": "lib/python3.8/site-packages/astroid/astroid_manager.py",
        "path_type": "hardlink",
        "sha256": "95c9c6272a30f111ef95e3f358b00b17d61e31dbd0b0ea291f522667853eef22",
        "sha256_in_prefix": "95c9c6272a30f111ef95e3f358b00b17d61e31dbd0b0ea291f522667853eef22",
        "size_in_bytes": 493
      },
      {
        "_path": "lib/python3.8/site-packages/astroid/bases.py",
        "path_type": "hardlink",
        "sha256": "440d5d5fed220f0f1c024dcd2ae29ac301946e9e47019202526a531134ff1995",
        "sha256_in_prefix": "440d5d5fed220f0f1c024dcd2ae29ac301946e9e47019202526a531134ff1995",
        "size_in_bytes": 21392
      },
      {
        "_path": "lib/python3.8/site-packages/astroid/brain/__init__.py",
        "path_type": "hardlink",
        "sha256": "e3b0c44298fc1c149afbf4c8996fb92427ae41e4649b934ca495991b7852b855",
        "sha256_in_prefix": "e3b0c44298fc1c149afbf4c8996fb92427ae41e4649b934ca495991b7852b855",
        "size_in_bytes": 0
      },
      {
        "_path": "lib/python3.8/site-packages/astroid/brain/__pycache__/__init__.cpython-38.pyc",
        "path_type": "hardlink",
        "sha256": "84e8bdddaa5d153c0b7a507f69eb955200bb6ecc67e976baed52ed4971f1a76e",
        "sha256_in_prefix": "84e8bdddaa5d153c0b7a507f69eb955200bb6ecc67e976baed52ed4971f1a76e",
        "size_in_bytes": 144
      },
      {
        "_path": "lib/python3.8/site-packages/astroid/brain/__pycache__/brain_argparse.cpython-38.pyc",
        "path_type": "hardlink",
        "sha256": "7189dbad4ee4216f21452bab3d24d03f740891a5c6e029828ceaf4d93995e52f",
        "sha256_in_prefix": "7189dbad4ee4216f21452bab3d24d03f740891a5c6e029828ceaf4d93995e52f",
        "size_in_bytes": 1124
      },
      {
        "_path": "lib/python3.8/site-packages/astroid/brain/__pycache__/brain_attrs.cpython-38.pyc",
        "path_type": "hardlink",
        "sha256": "79191e56cbc0b587b3a70d4126f99967bda271c750fc6dfd4047c0e7c9f6a696",
        "sha256_in_prefix": "79191e56cbc0b587b3a70d4126f99967bda271c750fc6dfd4047c0e7c9f6a696",
        "size_in_bytes": 1805
      },
      {
        "_path": "lib/python3.8/site-packages/astroid/brain/__pycache__/brain_boto3.cpython-38.pyc",
        "path_type": "hardlink",
        "sha256": "586b62280cdde4a22b4db7587a9e677db8e4455f7826af4ec116f24599c335e7",
        "sha256_in_prefix": "586b62280cdde4a22b4db7587a9e677db8e4455f7826af4ec116f24599c335e7",
        "size_in_bytes": 957
      },
      {
        "_path": "lib/python3.8/site-packages/astroid/brain/__pycache__/brain_builtin_inference.cpython-38.pyc",
        "path_type": "hardlink",
        "sha256": "394d192821317fd090956ec74e296039bf3347afec1cff4c251214c76a7b304f",
        "sha256_in_prefix": "394d192821317fd090956ec74e296039bf3347afec1cff4c251214c76a7b304f",
        "size_in_bytes": 22064
      },
      {
        "_path": "lib/python3.8/site-packages/astroid/brain/__pycache__/brain_collections.cpython-38.pyc",
        "path_type": "hardlink",
        "sha256": "55c212957ff63cb5958bf2661d8702e0f668ef6db889d7064b217b829c83d377",
        "sha256_in_prefix": "55c212957ff63cb5958bf2661d8702e0f668ef6db889d7064b217b829c83d377",
        "size_in_bytes": 3749
      },
      {
        "_path": "lib/python3.8/site-packages/astroid/brain/__pycache__/brain_crypt.cpython-38.pyc",
        "path_type": "hardlink",
        "sha256": "9fafe097e7b16b8305022fa0a38a37a49dcd09febdf95320c88f5377fbe9a30a",
        "sha256_in_prefix": "9fafe097e7b16b8305022fa0a38a37a49dcd09febdf95320c88f5377fbe9a30a",
        "size_in_bytes": 912
      },
      {
        "_path": "lib/python3.8/site-packages/astroid/brain/__pycache__/brain_ctypes.cpython-38.pyc",
        "path_type": "hardlink",
        "sha256": "5c6695b01f87beb9549b0020df2657421fb6ead8ff127450b9edeabee850aed0",
        "sha256_in_prefix": "5c6695b01f87beb9549b0020df2657421fb6ead8ff127450b9edeabee850aed0",
        "size_in_bytes": 2158
      },
      {
        "_path": "lib/python3.8/site-packages/astroid/brain/__pycache__/brain_curses.cpython-38.pyc",
        "path_type": "hardlink",
        "sha256": "42106f173fd7c6c7d28597cf0463169d2b649f9f29e6bf1372678fb457ca1db5",
        "sha256_in_prefix": "42106f173fd7c6c7d28597cf0463169d2b649f9f29e6bf1372678fb457ca1db5",
        "size_in_bytes": 3440
      },
      {
        "_path": "lib/python3.8/site-packages/astroid/brain/__pycache__/brain_dataclasses.cpython-38.pyc",
        "path_type": "hardlink",
        "sha256": "d70caa44317f3a0967c10edcdf90af943885611faec014ec67eccf630c26110a",
        "sha256_in_prefix": "d70caa44317f3a0967c10edcdf90af943885611faec014ec67eccf630c26110a",
        "size_in_bytes": 10950
      },
      {
        "_path": "lib/python3.8/site-packages/astroid/brain/__pycache__/brain_dateutil.cpython-38.pyc",
        "path_type": "hardlink",
        "sha256": "fb5564c29dce44d51e1797f5da0b82b9526fde54cbcd29f3cb4f6e717c79767a",
        "sha256_in_prefix": "fb5564c29dce44d51e1797f5da0b82b9526fde54cbcd29f3cb4f6e717c79767a",
        "size_in_bytes": 710
      },
      {
        "_path": "lib/python3.8/site-packages/astroid/brain/__pycache__/brain_fstrings.cpython-38.pyc",
        "path_type": "hardlink",
        "sha256": "61edde55d52b0c47a1a4e788836008cc5b7139fdf49277da637e46cfa16e699c",
        "sha256_in_prefix": "61edde55d52b0c47a1a4e788836008cc5b7139fdf49277da637e46cfa16e699c",
        "size_in_bytes": 1554
      },
      {
        "_path": "lib/python3.8/site-packages/astroid/brain/__pycache__/brain_functools.cpython-38.pyc",
        "path_type": "hardlink",
        "sha256": "c571db1ff2979463ad7cf70f670aeb6e3e08f5c6cf3278e9a3f4b994ed164b48",
        "sha256_in_prefix": "c571db1ff2979463ad7cf70f670aeb6e3e08f5c6cf3278e9a3f4b994ed164b48",
        "size_in_bytes": 4881
      },
      {
        "_path": "lib/python3.8/site-packages/astroid/brain/__pycache__/brain_gi.cpython-38.pyc",
        "path_type": "hardlink",
        "sha256": "0cccb2ec8e35e694774af8feca6c3d11ac499c1bf6acd38e606d65fa2dd58861",
        "sha256_in_prefix": "0cccb2ec8e35e694774af8feca6c3d11ac499c1bf6acd38e606d65fa2dd58861",
        "size_in_bytes": 4501
      },
      {
        "_path": "lib/python3.8/site-packages/astroid/brain/__pycache__/brain_hashlib.cpython-38.pyc",
        "path_type": "hardlink",
        "sha256": "7046c88ab110a0138318dadd2e02960283ac5b621c61427afdd4a6ee5f5af5b7",
        "sha256_in_prefix": "7046c88ab110a0138318dadd2e02960283ac5b621c61427afdd4a6ee5f5af5b7",
        "size_in_bytes": 1888
      },
      {
        "_path": "lib/python3.8/site-packages/astroid/brain/__pycache__/brain_http.cpython-38.pyc",
        "path_type": "hardlink",
        "sha256": "ee6f9311ff0aea019545b0fac5353b0453a8cac6f8ee85b89b0c92d8d3729d8e",
        "sha256_in_prefix": "ee6f9311ff0aea019545b0fac5353b0453a8cac6f8ee85b89b0c92d8d3729d8e",
        "size_in_bytes": 10529
      },
      {
        "_path": "lib/python3.8/site-packages/astroid/brain/__pycache__/brain_hypothesis.cpython-38.pyc",
        "path_type": "hardlink",
        "sha256": "17c4433818c49453c8ede5b9c885187d373a1d2a9bebf4b00a943861f01c233a",
        "sha256_in_prefix": "17c4433818c49453c8ede5b9c885187d373a1d2a9bebf4b00a943861f01c233a",
        "size_in_bytes": 1577
      },
      {
        "_path": "lib/python3.8/site-packages/astroid/brain/__pycache__/brain_io.cpython-38.pyc",
        "path_type": "hardlink",
        "sha256": "7e41c7d1ca10dc367b63274a1d335f7beb861e247b634ee4fb1eaa1d6558d656",
        "sha256_in_prefix": "7e41c7d1ca10dc367b63274a1d335f7beb861e247b634ee4fb1eaa1d6558d656",
        "size_in_bytes": 1341
      },
      {
        "_path": "lib/python3.8/site-packages/astroid/brain/__pycache__/brain_mechanize.cpython-38.pyc",
        "path_type": "hardlink",
        "sha256": "b888e0499954ab80260bf6c8da30d3c35f3948d5805327444921f931d4f05f98",
        "sha256_in_prefix": "b888e0499954ab80260bf6c8da30d3c35f3948d5805327444921f931d4f05f98",
        "size_in_bytes": 2481
      },
      {
        "_path": "lib/python3.8/site-packages/astroid/brain/__pycache__/brain_multiprocessing.cpython-38.pyc",
        "path_type": "hardlink",
        "sha256": "a2518e5ca559c62b8b8e5dca94f4b761730da8b6cce799f15ece963b583c3fa1",
        "sha256_in_prefix": "a2518e5ca559c62b8b8e5dca94f4b761730da8b6cce799f15ece963b583c3fa1",
        "size_in_bytes": 2691
      },
      {
        "_path": "lib/python3.8/site-packages/astroid/brain/__pycache__/brain_namedtuple_enum.cpython-38.pyc",
        "path_type": "hardlink",
        "sha256": "0a79b5e6f51ca89866dfb49fa69df903cadac26aa4a64817c8cd2ac67a95780d",
        "sha256_in_prefix": "0a79b5e6f51ca89866dfb49fa69df903cadac26aa4a64817c8cd2ac67a95780d",
        "size_in_bytes": 14543
      },
      {
        "_path": "lib/python3.8/site-packages/astroid/brain/__pycache__/brain_nose.cpython-38.pyc",
        "path_type": "hardlink",
        "sha256": "c405b318fff24a42c6c53a282685833993d56914a25f55a140b7cd64212f5c83",
        "sha256_in_prefix": "c405b318fff24a42c6c53a282685833993d56914a25f55a140b7cd64212f5c83",
        "size_in_bytes": 2199
      },
      {
        "_path": "lib/python3.8/site-packages/astroid/brain/__pycache__/brain_numpy_core_fromnumeric.cpython-38.pyc",
        "path_type": "hardlink",
        "sha256": "e75aa5b7ef3f8e36d10d2ceb883b207b1b4b370845356961df73bb7aaced097b",
        "sha256_in_prefix": "e75aa5b7ef3f8e36d10d2ceb883b207b1b4b370845356961df73bb7aaced097b",
        "size_in_bytes": 703
      },
      {
        "_path": "lib/python3.8/site-packages/astroid/brain/__pycache__/brain_numpy_core_function_base.cpython-38.pyc",
        "path_type": "hardlink",
        "sha256": "6afcb03f5c9bd2ede5085fc09f58c7221d3df48feafcf09068577094b3c90cee",
        "sha256_in_prefix": "6afcb03f5c9bd2ede5085fc09f58c7221d3df48feafcf09068577094b3c90cee",
        "size_in_bytes": 1124
      },
      {
        "_path": "lib/python3.8/site-packages/astroid/brain/__pycache__/brain_numpy_core_multiarray.cpython-38.pyc",
        "path_type": "hardlink",
        "sha256": "c43b6f6d7d6de33fec3ed7d593cdf9c3138caf9427724ed994564ead44fe6a39",
        "sha256_in_prefix": "c43b6f6d7d6de33fec3ed7d593cdf9c3138caf9427724ed994564ead44fe6a39",
        "size_in_bytes": 3417
      },
      {
        "_path": "lib/python3.8/site-packages/astroid/brain/__pycache__/brain_numpy_core_numeric.cpython-38.pyc",
        "path_type": "hardlink",
        "sha256": "5947170ec2f8a10c231683c31aaac13fb066da6222b34c2d8465f24fd0786212",
        "sha256_in_prefix": "5947170ec2f8a10c231683c31aaac13fb066da6222b34c2d8465f24fd0786212",
        "size_in_bytes": 1444
      },
      {
        "_path": "lib/python3.8/site-packages/astroid/brain/__pycache__/brain_numpy_core_numerictypes.cpython-38.pyc",
        "path_type": "hardlink",
        "sha256": "7e4c1e3f8960698cda028c6a162d3acd884b4f58aa2aab7765bc10377951271a",
        "sha256_in_prefix": "7e4c1e3f8960698cda028c6a162d3acd884b4f58aa2aab7765bc10377951271a",
        "size_in_bytes": 8185
      },
      {
        "_path": "lib/python3.8/site-packages/astroid/brain/__pycache__/brain_numpy_core_umath.cpython-38.pyc",
        "path_type": "hardlink",
        "sha256": "7b28bb3967fee2420919f928e3f9f9eb2bb35245c6d903f2536c0a27d569a796",
        "sha256_in_prefix": "7b28bb3967fee2420919f928e3f9f9eb2bb35245c6d903f2536c0a27d569a796",
        "size_in_bytes": 4576
      },
      {
        "_path": "lib/python3.8/site-packages/astroid/brain/__pycache__/brain_numpy_ma.cpython-38.pyc",
        "path_type": "hardlink",
        "sha256": "e7208ebdd265e6436e7325bc0eced6771083c83c478b5f5898a55495be9bb11a",
        "sha256_in_prefix": "e7208ebdd265e6436e7325bc0eced6771083c83c478b5f5898a55495be9bb11a",
        "size_in_bytes": 763
      },
      {
        "_path": "lib/python3.8/site-packages/astroid/brain/__pycache__/brain_numpy_ndarray.cpython-38.pyc",
        "path_type": "hardlink",
        "sha256": "90c43368d905d8826b14ef41de9db8d35200f9d17ab3bf03cccf2a1ecd160df0",
        "sha256_in_prefix": "90c43368d905d8826b14ef41de9db8d35200f9d17ab3bf03cccf2a1ecd160df0",
        "size_in_bytes": 8864
      },
      {
        "_path": "lib/python3.8/site-packages/astroid/brain/__pycache__/brain_numpy_random_mtrand.cpython-38.pyc",
        "path_type": "hardlink",
        "sha256": "802b889376612c0632b452a8544e9323a01c7b4fe1f65484fef45cda636442ed",
        "sha256_in_prefix": "802b889376612c0632b452a8544e9323a01c7b4fe1f65484fef45cda636442ed",
        "size_in_bytes": 3357
      },
      {
        "_path": "lib/python3.8/site-packages/astroid/brain/__pycache__/brain_numpy_utils.cpython-38.pyc",
        "path_type": "hardlink",
        "sha256": "b4c0d078453354a6a77444fed3bdd0edae2b62d3ea32c21f45c5263466719eda",
        "sha256_in_prefix": "b4c0d078453354a6a77444fed3bdd0edae2b62d3ea32c21f45c5263466719eda",
        "size_in_bytes": 2705
      },
      {
        "_path": "lib/python3.8/site-packages/astroid/brain/__pycache__/brain_pkg_resources.cpython-38.pyc",
        "path_type": "hardlink",
        "sha256": "0d213c6ec2768d1e585f7ec383c8978589344ccb4c263f5bd786b32516e0105a",
        "sha256_in_prefix": "0d213c6ec2768d1e585f7ec383c8978589344ccb4c263f5bd786b32516e0105a",
        "size_in_bytes": 2162
      },
      {
        "_path": "lib/python3.8/site-packages/astroid/brain/__pycache__/brain_pytest.cpython-38.pyc",
        "path_type": "hardlink",
        "sha256": "9b36178978a78706398a2c9f267fe7773d423132e01656c2b304f169c903fcfe",
        "sha256_in_prefix": "9b36178978a78706398a2c9f267fe7773d423132e01656c2b304f169c903fcfe",
        "size_in_bytes": 2137
      },
      {
        "_path": "lib/python3.8/site-packages/astroid/brain/__pycache__/brain_qt.cpython-38.pyc",
        "path_type": "hardlink",
        "sha256": "befb2919b8bbc41052e2ae3d9379d7063ec4da7acd920f3e2c9ed7d456168c0e",
        "sha256_in_prefix": "befb2919b8bbc41052e2ae3d9379d7063ec4da7acd920f3e2c9ed7d456168c0e",
        "size_in_bytes": 2135
      },
      {
        "_path": "lib/python3.8/site-packages/astroid/brain/__pycache__/brain_random.cpython-38.pyc",
        "path_type": "hardlink",
        "sha256": "f6e2eb7bea8e743d9c3b15d64968fe4f6e85eb01866ff0f263d8e01f3b098e19",
        "sha256_in_prefix": "f6e2eb7bea8e743d9c3b15d64968fe4f6e85eb01866ff0f263d8e01f3b098e19",
        "size_in_bytes": 2420
      },
      {
        "_path": "lib/python3.8/site-packages/astroid/brain/__pycache__/brain_re.cpython-38.pyc",
        "path_type": "hardlink",
        "sha256": "60c2dfd1bf784367b9a89627d3a8511c5323b275d5d345e4c20562c5f7f1128e",
        "sha256_in_prefix": "60c2dfd1bf784367b9a89627d3a8511c5323b275d5d345e4c20562c5f7f1128e",
        "size_in_bytes": 2422
      },
      {
        "_path": "lib/python3.8/site-packages/astroid/brain/__pycache__/brain_responses.cpython-38.pyc",
        "path_type": "hardlink",
        "sha256": "2810fa1bfe383f2369ecf517e99540f4885ed5b03ebfcc4db33ab02075c19346",
        "sha256_in_prefix": "2810fa1bfe383f2369ecf517e99540f4885ed5b03ebfcc4db33ab02075c19346",
        "size_in_bytes": 1845
      },
      {
        "_path": "lib/python3.8/site-packages/astroid/brain/__pycache__/brain_scipy_signal.cpython-38.pyc",
        "path_type": "hardlink",
        "sha256": "926c8e24b8a5fbe4dc858226831515e162eba4256a276ed486a0f43ecb3ff400",
        "sha256_in_prefix": "926c8e24b8a5fbe4dc858226831515e162eba4256a276ed486a0f43ecb3ff400",
        "size_in_bytes": 2258
      },
      {
        "_path": "lib/python3.8/site-packages/astroid/brain/__pycache__/brain_signal.cpython-38.pyc",
        "path_type": "hardlink",
        "sha256": "a08585a1b63a4b9b21b363bbbd0d4dc039c175bf57e00c2242a2d439f6a18779",
        "sha256_in_prefix": "a08585a1b63a4b9b21b363bbbd0d4dc039c175bf57e00c2242a2d439f6a18779",
        "size_in_bytes": 3850
      },
      {
        "_path": "lib/python3.8/site-packages/astroid/brain/__pycache__/brain_six.cpython-38.pyc",
        "path_type": "hardlink",
        "sha256": "1ede727740bac5218004cd53e85609e625457b3641d84900705dc7b5bb007484",
        "sha256_in_prefix": "1ede727740bac5218004cd53e85609e625457b3641d84900705dc7b5bb007484",
        "size_in_bytes": 6557
      },
      {
        "_path": "lib/python3.8/site-packages/astroid/brain/__pycache__/brain_sqlalchemy.cpython-38.pyc",
        "path_type": "hardlink",
        "sha256": "0cc95d854cae81ac358cf877f89afffbdfc579fcd218fcbdd10736f0382fbec3",
        "sha256_in_prefix": "0cc95d854cae81ac358cf877f89afffbdfc579fcd218fcbdd10736f0382fbec3",
        "size_in_bytes": 973
      },
      {
        "_path": "lib/python3.8/site-packages/astroid/brain/__pycache__/brain_ssl.cpython-38.pyc",
        "path_type": "hardlink",
        "sha256": "e58db0ae19fbc96c01b7d34b594373bba00c68092a7ff147a2be28095bf12069",
        "sha256_in_prefix": "e58db0ae19fbc96c01b7d34b594373bba00c68092a7ff147a2be28095bf12069",
        "size_in_bytes": 3549
      },
      {
        "_path": "lib/python3.8/site-packages/astroid/brain/__pycache__/brain_subprocess.cpython-38.pyc",
        "path_type": "hardlink",
        "sha256": "96cade126aa4715b8a4cadcf4c6955d56c8c98e54f7f5d12035d939f330f958b",
        "sha256_in_prefix": "96cade126aa4715b8a4cadcf4c6955d56c8c98e54f7f5d12035d939f330f958b",
        "size_in_bytes": 3528
      },
      {
        "_path": "lib/python3.8/site-packages/astroid/brain/__pycache__/brain_threading.cpython-38.pyc",
        "path_type": "hardlink",
        "sha256": "e5615aa9d133d1e13e76c095d899b9ec6f38d369e072630bc53f176da4be54f4",
        "sha256_in_prefix": "e5615aa9d133d1e13e76c095d899b9ec6f38d369e072630bc53f176da4be54f4",
        "size_in_bytes": 819
      },
      {
        "_path": "lib/python3.8/site-packages/astroid/brain/__pycache__/brain_type.cpython-38.pyc",
        "path_type": "hardlink",
        "sha256": "daef96d90f828825692f2e07c1618ed811b1c220da5a405f7384bc360786e0a0",
        "sha256_in_prefix": "daef96d90f828825692f2e07c1618ed811b1c220da5a405f7384bc360786e0a0",
        "size_in_bytes": 2412
      },
      {
        "_path": "lib/python3.8/site-packages/astroid/brain/__pycache__/brain_typing.cpython-38.pyc",
        "path_type": "hardlink",
        "sha256": "bf3a4180dc8acc9e3a1a84aabe9a2f4ac100b39e415817aee787d116816d7e56",
        "sha256_in_prefix": "bf3a4180dc8acc9e3a1a84aabe9a2f4ac100b39e415817aee787d116816d7e56",
        "size_in_bytes": 9736
      },
      {
        "_path": "lib/python3.8/site-packages/astroid/brain/__pycache__/brain_unittest.cpython-38.pyc",
        "path_type": "hardlink",
        "sha256": "bf617c9446106e95d799ac1bd4c499b2548ecdb78829f61269989df931c7fe9b",
        "sha256_in_prefix": "bf617c9446106e95d799ac1bd4c499b2548ecdb78829f61269989df931c7fe9b",
        "size_in_bytes": 1080
      },
      {
        "_path": "lib/python3.8/site-packages/astroid/brain/__pycache__/brain_uuid.cpython-38.pyc",
        "path_type": "hardlink",
        "sha256": "3ca46cad85b85b72e495c2ab08c06e7f0f76262c08344a48072af64480bcab54",
        "sha256_in_prefix": "3ca46cad85b85b72e495c2ab08c06e7f0f76262c08344a48072af64480bcab54",
        "size_in_bytes": 690
      },
      {
        "_path": "lib/python3.8/site-packages/astroid/brain/__pycache__/helpers.cpython-38.pyc",
        "path_type": "hardlink",
        "sha256": "0f56a6dcf7899933fb0c1e71660294038e51d1b211200b0b1e919109e6473687",
        "sha256_in_prefix": "0f56a6dcf7899933fb0c1e71660294038e51d1b211200b0b1e919109e6473687",
        "size_in_bytes": 825
      },
      {
        "_path": "lib/python3.8/site-packages/astroid/brain/brain_argparse.py",
        "path_type": "hardlink",
        "sha256": "945af160c42038de3259a36fdb3703f9c3df62c45446dbb58231315f01b4253a",
        "sha256_in_prefix": "945af160c42038de3259a36fdb3703f9c3df62c45446dbb58231315f01b4253a",
        "size_in_bytes": 1114
      },
      {
        "_path": "lib/python3.8/site-packages/astroid/brain/brain_attrs.py",
        "path_type": "hardlink",
        "sha256": "2391a84e4945120f6d3c8abe608e8d510a661c6c7246ffbaa0a2e40af740ea42",
        "sha256_in_prefix": "2391a84e4945120f6d3c8abe608e8d510a661c6c7246ffbaa0a2e40af740ea42",
        "size_in_bytes": 2682
      },
      {
        "_path": "lib/python3.8/site-packages/astroid/brain/brain_boto3.py",
        "path_type": "hardlink",
        "sha256": "d3b47b76f506ec196a13297e48c2c9fd7ec5f54a947d861963c36d5ac9dc8a7f",
        "sha256_in_prefix": "d3b47b76f506ec196a13297e48c2c9fd7ec5f54a947d861963c36d5ac9dc8a7f",
        "size_in_bytes": 921
      },
      {
        "_path": "lib/python3.8/site-packages/astroid/brain/brain_builtin_inference.py",
        "path_type": "hardlink",
        "sha256": "53835b6bfdb2c6f45923263b30a92c33795700e92e418bff8908c7b61f1aa28f",
        "sha256_in_prefix": "53835b6bfdb2c6f45923263b30a92c33795700e92e418bff8908c7b61f1aa28f",
        "size_in_bytes": 31376
      },
      {
        "_path": "lib/python3.8/site-packages/astroid/brain/brain_collections.py",
        "path_type": "hardlink",
        "sha256": "a094f43d7a9b803b52c73b283d02b70d7cd883a741c873b4ce5af3ce206a9452",
        "sha256_in_prefix": "a094f43d7a9b803b52c73b283d02b70d7cd883a741c873b4ce5af3ce206a9452",
        "size_in_bytes": 4822
      },
      {
        "_path": "lib/python3.8/site-packages/astroid/brain/brain_crypt.py",
        "path_type": "hardlink",
        "sha256": "7b36d3ae5caca1ca1349d80eb88a40f608c8ceb16ab2991f393715be4260a1f8",
        "sha256_in_prefix": "7b36d3ae5caca1ca1349d80eb88a40f608c8ceb16ab2991f393715be4260a1f8",
        "size_in_bytes": 967
      },
      {
        "_path": "lib/python3.8/site-packages/astroid/brain/brain_ctypes.py",
        "path_type": "hardlink",
        "sha256": "27fedde7a19eb1978c8a1373824d27f8bdbfe412b0f5a7623ae6585f2a797f65",
        "sha256_in_prefix": "27fedde7a19eb1978c8a1373824d27f8bdbfe412b0f5a7623ae6585f2a797f65",
        "size_in_bytes": 2426
      },
      {
        "_path": "lib/python3.8/site-packages/astroid/brain/brain_curses.py",
        "path_type": "hardlink",
        "sha256": "a909f332ee9ddfe81da4819ba664d609b286843abd32788d9edfea7085393f15",
        "sha256_in_prefix": "a909f332ee9ddfe81da4819ba664d609b286843abd32788d9edfea7085393f15",
        "size_in_bytes": 3400
      },
      {
        "_path": "lib/python3.8/site-packages/astroid/brain/brain_dataclasses.py",
        "path_type": "hardlink",
        "sha256": "65a12dbf56f61deb523b2f607d5d9c3cdab64959666470f4a6fc00fc4f747157",
        "sha256_in_prefix": "65a12dbf56f61deb523b2f607d5d9c3cdab64959666470f4a6fc00fc4f747157",
        "size_in_bytes": 14886
      },
      {
        "_path": "lib/python3.8/site-packages/astroid/brain/brain_dateutil.py",
        "path_type": "hardlink",
        "sha256": "943239d27b9a588f4b2dd0e5916cfe7cdddf15de26246261a790c143333f3ce1",
        "sha256_in_prefix": "943239d27b9a588f4b2dd0e5916cfe7cdddf15de26246261a790c143333f3ce1",
        "size_in_bytes": 1072
      },
      {
        "_path": "lib/python3.8/site-packages/astroid/brain/brain_fstrings.py",
        "path_type": "hardlink",
        "sha256": "4777944375108d1a4787d5777459d2094150c00f4c7f031b6f44af754e08f677",
        "sha256_in_prefix": "4777944375108d1a4787d5777459d2094150c00f4c7f031b6f44af754e08f677",
        "size_in_bytes": 2445
      },
      {
        "_path": "lib/python3.8/site-packages/astroid/brain/brain_functools.py",
        "path_type": "hardlink",
        "sha256": "e2c3007a27f921e2904cce7b7386ca5858be87cbdb741152efd4d80a8ed7c16b",
        "sha256_in_prefix": "e2c3007a27f921e2904cce7b7386ca5858be87cbdb741152efd4d80a8ed7c16b",
        "size_in_bytes": 5759
      },
      {
        "_path": "lib/python3.8/site-packages/astroid/brain/brain_gi.py",
        "path_type": "hardlink",
        "sha256": "216bf7d84b78197e0d31d39e138bc4e2905085851608f2aec9f96914fb87ddc2",
        "sha256_in_prefix": "216bf7d84b78197e0d31d39e138bc4e2905085851608f2aec9f96914fb87ddc2",
        "size_in_bytes": 8148
      },
      {
        "_path": "lib/python3.8/site-packages/astroid/brain/brain_hashlib.py",
        "path_type": "hardlink",
        "sha256": "aee950f72ddab4b2590c25d597f625687d8a227d93e99872bb67635f0d5044cd",
        "sha256_in_prefix": "aee950f72ddab4b2590c25d597f625687d8a227d93e99872bb67635f0d5044cd",
        "size_in_bytes": 2459
      },
      {
        "_path": "lib/python3.8/site-packages/astroid/brain/brain_http.py",
        "path_type": "hardlink",
        "sha256": "bd335001487b35ad3449724a4fecabb5191c414c7e14a1b1dfa4c16d0cc8e64b",
        "sha256_in_prefix": "bd335001487b35ad3449724a4fecabb5191c414c7e14a1b1dfa4c16d0cc8e64b",
        "size_in_bytes": 10798
      },
      {
        "_path": "lib/python3.8/site-packages/astroid/brain/brain_hypothesis.py",
        "path_type": "hardlink",
        "sha256": "a31a11446c18b46ebe2c7ce8632039a483f9c47cec71682a6a66ecaa583bae4d",
        "sha256_in_prefix": "a31a11446c18b46ebe2c7ce8632039a483f9c47cec71682a6a66ecaa583bae4d",
        "size_in_bytes": 1648
      },
      {
        "_path": "lib/python3.8/site-packages/astroid/brain/brain_io.py",
        "path_type": "hardlink",
        "sha256": "9819f570891ce9a4236af514828214bb2a7a39cd37fa2812fe5ed3e6277a7f79",
        "sha256_in_prefix": "9819f570891ce9a4236af514828214bb2a7a39cd37fa2812fe5ed3e6277a7f79",
        "size_in_bytes": 1720
      },
      {
        "_path": "lib/python3.8/site-packages/astroid/brain/brain_mechanize.py",
        "path_type": "hardlink",
        "sha256": "ff51b1ebaefaa41cb5911ab787bcd2e8049d1964b99d58dc255485e5bf14b98d",
        "sha256_in_prefix": "ff51b1ebaefaa41cb5911ab787bcd2e8049d1964b99d58dc255485e5bf14b98d",
        "size_in_bytes": 2959
      },
      {
        "_path": "lib/python3.8/site-packages/astroid/brain/brain_multiprocessing.py",
        "path_type": "hardlink",
        "sha256": "eade781977565ab9c4a9869cfabc3b5571adfa8b062fd2e1f450446db4026a49",
        "sha256_in_prefix": "eade781977565ab9c4a9869cfabc3b5571adfa8b062fd2e1f450446db4026a49",
        "size_in_bytes": 3516
      },
      {
        "_path": "lib/python3.8/site-packages/astroid/brain/brain_namedtuple_enum.py",
        "path_type": "hardlink",
        "sha256": "b47903ac12a47e7f709c1ae91ee02d1ac6bc0b8049edfba40355f3073a5d520e",
        "sha256_in_prefix": "b47903ac12a47e7f709c1ae91ee02d1ac6bc0b8049edfba40355f3073a5d520e",
        "size_in_bytes": 21078
      },
      {
        "_path": "lib/python3.8/site-packages/astroid/brain/brain_nose.py",
        "path_type": "hardlink",
        "sha256": "4eafe6a1afb9829556790928e97fc6e83b866ad747baf0dfa7b27252b0c20bc6",
        "sha256_in_prefix": "4eafe6a1afb9829556790928e97fc6e83b866ad747baf0dfa7b27252b0c20bc6",
        "size_in_bytes": 2581
      },
      {
        "_path": "lib/python3.8/site-packages/astroid/brain/brain_numpy_core_fromnumeric.py",
        "path_type": "hardlink",
        "sha256": "053d62784ccb562d79a3639f2de3d31aa89aeb5e0d97e452a81240b5ad5a6cf2",
        "sha256_in_prefix": "053d62784ccb562d79a3639f2de3d31aa89aeb5e0d97e452a81240b5ad5a6cf2",
        "size_in_bytes": 924
      },
      {
        "_path": "lib/python3.8/site-packages/astroid/brain/brain_numpy_core_function_base.py",
        "path_type": "hardlink",
        "sha256": "549f955e5557e8443426d7e7cda55ac2bd387fcd99b83e287cb711c5db57e994",
        "sha256_in_prefix": "549f955e5557e8443426d7e7cda55ac2bd387fcd99b83e287cb711c5db57e994",
        "size_in_bytes": 1490
      },
      {
        "_path": "lib/python3.8/site-packages/astroid/brain/brain_numpy_core_multiarray.py",
        "path_type": "hardlink",
        "sha256": "d77fc2f1010d991ba4235229e880553e20a01f5a0724a48f0f86908be43d7b25",
        "sha256_in_prefix": "d77fc2f1010d991ba4235229e880553e20a01f5a0724a48f0f86908be43d7b25",
        "size_in_bytes": 4402
      },
      {
        "_path": "lib/python3.8/site-packages/astroid/brain/brain_numpy_core_numeric.py",
        "path_type": "hardlink",
        "sha256": "9f76c87f9ce2e97b819037631659c063dc02c32995dff53909a5af1c8d493a9b",
        "sha256_in_prefix": "9f76c87f9ce2e97b819037631659c063dc02c32995dff53909a5af1c8d493a9b",
        "size_in_bytes": 1785
      },
      {
        "_path": "lib/python3.8/site-packages/astroid/brain/brain_numpy_core_numerictypes.py",
        "path_type": "hardlink",
        "sha256": "912b3d49ed004d501f3b04f0121635041dbf1a5d436732b940a4fef5726b5f7b",
        "sha256_in_prefix": "912b3d49ed004d501f3b04f0121635041dbf1a5d436732b940a4fef5726b5f7b",
        "size_in_bytes": 8737
      },
      {
        "_path": "lib/python3.8/site-packages/astroid/brain/brain_numpy_core_umath.py",
        "path_type": "hardlink",
        "sha256": "db23873289420aecaf251609af531d719430f76ca577f56c22a3d4c6055486c5",
        "sha256_in_prefix": "db23873289420aecaf251609af531d719430f76ca577f56c22a3d4c6055486c5",
        "size_in_bytes": 5084
      },
      {
        "_path": "lib/python3.8/site-packages/astroid/brain/brain_numpy_ma.py",
        "path_type": "hardlink",
        "sha256": "17d3324deff421874c1f0ea5753077c86f3290c88145faa5a6ad1a506440cbc5",
        "sha256_in_prefix": "17d3324deff421874c1f0ea5753077c86f3290c88145faa5a6ad1a506440cbc5",
        "size_in_bytes": 788
      },
      {
        "_path": "lib/python3.8/site-packages/astroid/brain/brain_numpy_ndarray.py",
        "path_type": "hardlink",
        "sha256": "00de890c63a924588572c2a42a837179357f07589741da6337f28ce0cc646d91",
        "sha256_in_prefix": "00de890c63a924588572c2a42a837179357f07589741da6337f28ce0cc646d91",
        "size_in_bytes": 9142
      },
      {
        "_path": "lib/python3.8/site-packages/astroid/brain/brain_numpy_random_mtrand.py",
        "path_type": "hardlink",
        "sha256": "8c3e17148a6089d0ea939af12ab5591c50889aab2dbcf5492329967cc6b5419a",
        "sha256_in_prefix": "8c3e17148a6089d0ea939af12ab5591c50889aab2dbcf5492329967cc6b5419a",
        "size_in_bytes": 3627
      },
      {
        "_path": "lib/python3.8/site-packages/astroid/brain/brain_numpy_utils.py",
        "path_type": "hardlink",
        "sha256": "b16407b0843b952d32d55f4897651c3e144549a3fecab875ef7a01f5b06399d6",
        "sha256_in_prefix": "b16407b0843b952d32d55f4897651c3e144549a3fecab875ef7a01f5b06399d6",
        "size_in_bytes": 2798
      },
      {
        "_path": "lib/python3.8/site-packages/astroid/brain/brain_pkg_resources.py",
        "path_type": "hardlink",
        "sha256": "b652732e3a10078f745a10cc02b7cd907a68a37d5607345dd2e245ee9c342671",
        "sha256_in_prefix": "b652732e3a10078f745a10cc02b7cd907a68a37d5607345dd2e245ee9c342671",
        "size_in_bytes": 2386
      },
      {
        "_path": "lib/python3.8/site-packages/astroid/brain/brain_pytest.py",
        "path_type": "hardlink",
        "sha256": "13d8055ed175b31c7c65c66257938a5ce2922128c63905854db245f6b62494c1",
        "sha256_in_prefix": "13d8055ed175b31c7c65c66257938a5ce2922128c63905854db245f6b62494c1",
        "size_in_bytes": 2631
      },
      {
        "_path": "lib/python3.8/site-packages/astroid/brain/brain_qt.py",
        "path_type": "hardlink",
        "sha256": "aed2857727a310c6e796086bc410afb2c0b8704a394df8ccee3d3080396ba659",
        "sha256_in_prefix": "aed2857727a310c6e796086bc410afb2c0b8704a394df8ccee3d3080396ba659",
        "size_in_bytes": 2812
      },
      {
        "_path": "lib/python3.8/site-packages/astroid/brain/brain_random.py",
        "path_type": "hardlink",
        "sha256": "fae2a7e8d9e9050853792bf02fbed8ac21b67a176cb6fe110cefd571c0da5cca",
        "sha256_in_prefix": "fae2a7e8d9e9050853792bf02fbed8ac21b67a176cb6fe110cefd571c0da5cca",
        "size_in_bytes": 2615
      },
      {
        "_path": "lib/python3.8/site-packages/astroid/brain/brain_re.py",
        "path_type": "hardlink",
        "sha256": "c025bce860ff063608d2d5ec22e04603fa9483fc29580f9f42913db98a4f1e55",
        "sha256_in_prefix": "c025bce860ff063608d2d5ec22e04603fa9483fc29580f9f42913db98a4f1e55",
        "size_in_bytes": 2576
      },
      {
        "_path": "lib/python3.8/site-packages/astroid/brain/brain_responses.py",
        "path_type": "hardlink",
        "sha256": "5adb930adeeff30d98a5a2a9dc478a1554dbf7cd0b4ae7f1a043c6a57be306e9",
        "sha256_in_prefix": "5adb930adeeff30d98a5a2a9dc478a1554dbf7cd0b4ae7f1a043c6a57be306e9",
        "size_in_bytes": 1640
      },
      {
        "_path": "lib/python3.8/site-packages/astroid/brain/brain_scipy_signal.py",
        "path_type": "hardlink",
        "sha256": "d72cb4870c237654c274d7f4ff2a903d6a222400f3b232a87631ebf987d524f1",
        "sha256_in_prefix": "d72cb4870c237654c274d7f4ff2a903d6a222400f3b232a87631ebf987d524f1",
        "size_in_bytes": 2618
      },
      {
        "_path": "lib/python3.8/site-packages/astroid/brain/brain_signal.py",
        "path_type": "hardlink",
        "sha256": "555a42602af53f43cb1a22a578829d8cbddcacb5a2775004cd77e0e4fa8a16f0",
        "sha256_in_prefix": "555a42602af53f43cb1a22a578829d8cbddcacb5a2775004cd77e0e4fa8a16f0",
        "size_in_bytes": 3782
      },
      {
        "_path": "lib/python3.8/site-packages/astroid/brain/brain_six.py",
        "path_type": "hardlink",
        "sha256": "8ae132fcfdbc3e3b339476f7c6dcf5bd74786a18177a32695d2ecc67327b8efe",
        "sha256_in_prefix": "8ae132fcfdbc3e3b339476f7c6dcf5bd74786a18177a32695d2ecc67327b8efe",
        "size_in_bytes": 8090
      },
      {
        "_path": "lib/python3.8/site-packages/astroid/brain/brain_sqlalchemy.py",
        "path_type": "hardlink",
        "sha256": "c4742d1630f10578b81615336588d8948432283e90c0f3d707625a128972799a",
        "sha256_in_prefix": "c4742d1630f10578b81615336588d8948432283e90c0f3d707625a128972799a",
        "size_in_bytes": 780
      },
      {
        "_path": "lib/python3.8/site-packages/astroid/brain/brain_ssl.py",
        "path_type": "hardlink",
        "sha256": "81c36cd1ddd8451595bbf522fac729bedac8d99d5d363faa0fd6265933fb973f",
        "sha256_in_prefix": "81c36cd1ddd8451595bbf522fac729bedac8d99d5d363faa0fd6265933fb973f",
        "size_in_bytes": 3915
      },
      {
        "_path": "lib/python3.8/site-packages/astroid/brain/brain_subprocess.py",
        "path_type": "hardlink",
        "sha256": "ced0248c9133b1c299d78e06bef76207b1b7c430a371aba10f5046ecdd0a4d6a",
        "sha256_in_prefix": "ced0248c9133b1c299d78e06bef76207b1b7c430a371aba10f5046ecdd0a4d6a",
        "size_in_bytes": 4233
      },
      {
        "_path": "lib/python3.8/site-packages/astroid/brain/brain_threading.py",
        "path_type": "hardlink",
        "sha256": "ac946bb3d168714b6737f4a0e024ecb19f15af06a6c4c749667ec7b3587a2d1c",
        "sha256_in_prefix": "ac946bb3d168714b6737f4a0e024ecb19f15af06a6c4c749667ec7b3587a2d1c",
        "size_in_bytes": 1119
      },
      {
        "_path": "lib/python3.8/site-packages/astroid/brain/brain_type.py",
        "path_type": "hardlink",
        "sha256": "121adec279afd06cf61d710915bbb0551f7c6efea887f0637c1b9643ab814694",
        "sha256_in_prefix": "121adec279afd06cf61d710915bbb0551f7c6efea887f0637c1b9643ab814694",
        "size_in_bytes": 2243
      },
      {
        "_path": "lib/python3.8/site-packages/astroid/brain/brain_typing.py",
        "path_type": "hardlink",
        "sha256": "becd322dd316d8f74dacbe957ef15eb3ffeeaf2e88213f6115307b2226188fa8",
        "sha256_in_prefix": "becd322dd316d8f74dacbe957ef15eb3ffeeaf2e88213f6115307b2226188fa8",
        "size_in_bytes": 14654
      },
      {
        "_path": "lib/python3.8/site-packages/astroid/brain/brain_unittest.py",
        "path_type": "hardlink",
        "sha256": "e412c593603656395572f6fad121eceeab050e9cab58d6e25e8fb52adb6401e4",
        "sha256_in_prefix": "e412c593603656395572f6fad121eceeab050e9cab58d6e25e8fb52adb6401e4",
        "size_in_bytes": 907
      },
      {
        "_path": "lib/python3.8/site-packages/astroid/brain/brain_uuid.py",
        "path_type": "hardlink",
        "sha256": "df7e8de34127b2b5d46cc99a4574582072c3ad2312801131661298f3bc8b9aa4",
        "sha256_in_prefix": "df7e8de34127b2b5d46cc99a4574582072c3ad2312801131661298f3bc8b9aa4",
        "size_in_bytes": 851
      },
      {
        "_path": "lib/python3.8/site-packages/astroid/brain/helpers.py",
        "path_type": "hardlink",
        "sha256": "6887833ac5f89b09eb5a17bf1744de692e0f4a4ce47875bb0a7aea0c2f2a2c07",
        "sha256_in_prefix": "6887833ac5f89b09eb5a17bf1744de692e0f4a4ce47875bb0a7aea0c2f2a2c07",
        "size_in_bytes": 489
      },
      {
        "_path": "lib/python3.8/site-packages/astroid/builder.py",
        "path_type": "hardlink",
        "sha256": "38383a559d068f6292ec6e333fe8fbea4c3c2e835b455a47a64551739683951b",
        "sha256_in_prefix": "38383a559d068f6292ec6e333fe8fbea4c3c2e835b455a47a64551739683951b",
        "size_in_bytes": 17995
      },
      {
        "_path": "lib/python3.8/site-packages/astroid/const.py",
        "path_type": "hardlink",
        "sha256": "065aa12232ee0787ae1e8f9f05d44e35c3c09922936ae10f520ff25f918e3c1f",
        "sha256_in_prefix": "065aa12232ee0787ae1e8f9f05d44e35c3c09922936ae10f520ff25f918e3c1f",
        "size_in_bytes": 434
      },
      {
        "_path": "lib/python3.8/site-packages/astroid/context.py",
        "path_type": "hardlink",
        "sha256": "3a5408c07ce7e53174d90b5aa3dd67e24d8d7b0cde9c74d8dd75022f601bac95",
        "sha256_in_prefix": "3a5408c07ce7e53174d90b5aa3dd67e24d8d7b0cde9c74d8dd75022f601bac95",
        "size_in_bytes": 6390
      },
      {
        "_path": "lib/python3.8/site-packages/astroid/decorators.py",
        "path_type": "hardlink",
        "sha256": "d53b7bee0eca1d3a0730f848d3e044a93cf430cdc9d6b19a4cb8d2b22c6efd64",
        "sha256_in_prefix": "d53b7bee0eca1d3a0730f848d3e044a93cf430cdc9d6b19a4cb8d2b22c6efd64",
        "size_in_bytes": 6994
      },
      {
        "_path": "lib/python3.8/site-packages/astroid/exceptions.py",
        "path_type": "hardlink",
        "sha256": "7e208779ca7af19219c5087fda785cf504c7096544d2da5f6b186bc7275e909e",
        "sha256_in_prefix": "7e208779ca7af19219c5087fda785cf504c7096544d2da5f6b186bc7275e909e",
        "size_in_bytes": 9128
      },
      {
        "_path": "lib/python3.8/site-packages/astroid/filter_statements.py",
        "path_type": "hardlink",
        "sha256": "531945ff80b4a766e3745e206b762b134959de4d78b169717d9b8b4a33f25f11",
        "sha256_in_prefix": "531945ff80b4a766e3745e206b762b134959de4d78b169717d9b8b4a33f25f11",
        "size_in_bytes": 9522
      },
      {
        "_path": "lib/python3.8/site-packages/astroid/helpers.py",
        "path_type": "hardlink",
        "sha256": "45551dccd550196ec3f58749db502f33e0f7af7105b041bad19f8dae08d7c69b",
        "sha256_in_prefix": "45551dccd550196ec3f58749db502f33e0f7af7105b041bad19f8dae08d7c69b",
        "size_in_bytes": 10960
      },
      {
        "_path": "lib/python3.8/site-packages/astroid/inference.py",
        "path_type": "hardlink",
        "sha256": "5d52925c92f84cb79fd955be44513b1bf8bfebbfdefef691d43882e651203b1a",
        "sha256_in_prefix": "5d52925c92f84cb79fd955be44513b1bf8bfebbfdefef691d43882e651203b1a",
        "size_in_bytes": 37072
      },
      {
        "_path": "lib/python3.8/site-packages/astroid/inference_tip.py",
        "path_type": "hardlink",
        "sha256": "b403aa1d4a9575a1de9a5597a9edb8627a73c0ad3174c0f55920c17907181c03",
        "sha256_in_prefix": "b403aa1d4a9575a1de9a5597a9edb8627a73c0ad3174c0f55920c17907181c03",
        "size_in_bytes": 2396
      },
      {
        "_path": "lib/python3.8/site-packages/astroid/interpreter/__init__.py",
        "path_type": "hardlink",
        "sha256": "e3b0c44298fc1c149afbf4c8996fb92427ae41e4649b934ca495991b7852b855",
        "sha256_in_prefix": "e3b0c44298fc1c149afbf4c8996fb92427ae41e4649b934ca495991b7852b855",
        "size_in_bytes": 0
      },
      {
        "_path": "lib/python3.8/site-packages/astroid/interpreter/__pycache__/__init__.cpython-38.pyc",
        "path_type": "hardlink",
        "sha256": "36e2e5508209a308b33fb9686cdb44f78f0bf0cf96c75af51cf313d2c0ddd1e7",
        "sha256_in_prefix": "36e2e5508209a308b33fb9686cdb44f78f0bf0cf96c75af51cf313d2c0ddd1e7",
        "size_in_bytes": 150
      },
      {
        "_path": "lib/python3.8/site-packages/astroid/interpreter/__pycache__/dunder_lookup.cpython-38.pyc",
        "path_type": "hardlink",
        "sha256": "ed8539e4ac71fdfb5a881994a0d2f9a75b2d3895af5cb60f69366a51b1bad61f",
        "sha256_in_prefix": "ed8539e4ac71fdfb5a881994a0d2f9a75b2d3895af5cb60f69366a51b1bad61f",
        "size_in_bytes": 2090
      },
      {
        "_path": "lib/python3.8/site-packages/astroid/interpreter/__pycache__/objectmodel.cpython-38.pyc",
        "path_type": "hardlink",
        "sha256": "5166eeea3a7235bc9b2d23bbb32720d0428280299315d77ff9b4ba0dd390ec32",
        "sha256_in_prefix": "5166eeea3a7235bc9b2d23bbb32720d0428280299315d77ff9b4ba0dd390ec32",
        "size_in_bytes": 29237
      },
      {
        "_path": "lib/python3.8/site-packages/astroid/interpreter/_import/__init__.py",
        "path_type": "hardlink",
        "sha256": "e3b0c44298fc1c149afbf4c8996fb92427ae41e4649b934ca495991b7852b855",
        "sha256_in_prefix": "e3b0c44298fc1c149afbf4c8996fb92427ae41e4649b934ca495991b7852b855",
        "size_in_bytes": 0
      },
      {
        "_path": "lib/python3.8/site-packages/astroid/interpreter/_import/__pycache__/__init__.cpython-38.pyc",
        "path_type": "hardlink",
        "sha256": "4b30c4ab959c48347d968c15838e19ab25950b05ba942d72896695c5f854437e",
        "sha256_in_prefix": "4b30c4ab959c48347d968c15838e19ab25950b05ba942d72896695c5f854437e",
        "size_in_bytes": 158
      },
      {
        "_path": "lib/python3.8/site-packages/astroid/interpreter/_import/__pycache__/spec.cpython-38.pyc",
        "path_type": "hardlink",
        "sha256": "2e26f903952cde8815a29ce7614b6c4f35831bf37fb05e742fa3e0f6e44721b6",
        "sha256_in_prefix": "2e26f903952cde8815a29ce7614b6c4f35831bf37fb05e742fa3e0f6e44721b6",
        "size_in_bytes": 10481
      },
      {
        "_path": "lib/python3.8/site-packages/astroid/interpreter/_import/__pycache__/util.cpython-38.pyc",
        "path_type": "hardlink",
        "sha256": "182cdbed574b73580c364c11fdef0dfb15da7f6034e4177a5b5a65b8e9472564",
        "sha256_in_prefix": "182cdbed574b73580c364c11fdef0dfb15da7f6034e4177a5b5a65b8e9472564",
        "size_in_bytes": 410
      },
      {
        "_path": "lib/python3.8/site-packages/astroid/interpreter/_import/spec.py",
        "path_type": "hardlink",
        "sha256": "85c28533cf9106a0755fc185eacb4d951948322a98627bb7435bcc1289fabc6e",
        "sha256_in_prefix": "85c28533cf9106a0755fc185eacb4d951948322a98627bb7435bcc1289fabc6e",
        "size_in_bytes": 13084
      },
      {
        "_path": "lib/python3.8/site-packages/astroid/interpreter/_import/util.py",
        "path_type": "hardlink",
        "sha256": "3f5694be8e4e8e2dd718dce4a6a83d542d9c985cff1440f6264b5db4709cf550",
        "sha256_in_prefix": "3f5694be8e4e8e2dd718dce4a6a83d542d9c985cff1440f6264b5db4709cf550",
        "size_in_bytes": 577
      },
      {
        "_path": "lib/python3.8/site-packages/astroid/interpreter/dunder_lookup.py",
        "path_type": "hardlink",
        "sha256": "b7f0f60ad09215d27e43c02d1ee31bae10096672bd65e915fc70f10093006b2d",
        "sha256_in_prefix": "b7f0f60ad09215d27e43c02d1ee31bae10096672bd65e915fc70f10093006b2d",
        "size_in_bytes": 2270
      },
      {
        "_path": "lib/python3.8/site-packages/astroid/interpreter/objectmodel.py",
        "path_type": "hardlink",
        "sha256": "5b45e7581b016cb0f37586ca7e79af231a8fdbaae9a371438537d97ff57bafc3",
        "sha256_in_prefix": "5b45e7581b016cb0f37586ca7e79af231a8fdbaae9a371438537d97ff57bafc3",
        "size_in_bytes": 28089
      },
      {
        "_path": "lib/python3.8/site-packages/astroid/manager.py",
        "path_type": "hardlink",
        "sha256": "ae480e284841c88fa59d8623760752b0251e9b4fb88826011672bdaff5724c59",
        "sha256_in_prefix": "ae480e284841c88fa59d8623760752b0251e9b4fb88826011672bdaff5724c59",
        "size_in_bytes": 14861
      },
      {
        "_path": "lib/python3.8/site-packages/astroid/mixins.py",
        "path_type": "hardlink",
        "sha256": "a203f6d751f9e1da15107061b8a931472a55584a038af55f894fd1edde4203cf",
        "sha256_in_prefix": "a203f6d751f9e1da15107061b8a931472a55584a038af55f894fd1edde4203cf",
        "size_in_bytes": 6047
      },
      {
        "_path": "lib/python3.8/site-packages/astroid/modutils.py",
        "path_type": "hardlink",
        "sha256": "89f258f264efe91d62b732fabe1f0ed2fd14fc9d9cd611b3f0a0be7c389d641a",
        "sha256_in_prefix": "89f258f264efe91d62b732fabe1f0ed2fd14fc9d9cd611b3f0a0be7c389d641a",
        "size_in_bytes": 23522
      },
      {
        "_path": "lib/python3.8/site-packages/astroid/node_classes.py",
        "path_type": "hardlink",
        "sha256": "924473782739d0ccdad7912c064fde0efeea61212e2e2d3aaaac9ba6d62472c4",
        "sha256_in_prefix": "924473782739d0ccdad7912c064fde0efeea61212e2e2d3aaaac9ba6d62472c4",
        "size_in_bytes": 1573
      },
      {
        "_path": "lib/python3.8/site-packages/astroid/nodes/__init__.py",
        "path_type": "hardlink",
        "sha256": "5e79a40953dd9e2485008516230c96745fae68307bf0d5f20e08669bbbe79dd5",
        "sha256_in_prefix": "5e79a40953dd9e2485008516230c96745fae68307bf0d5f20e08669bbbe79dd5",
        "size_in_bytes": 5460
      },
      {
        "_path": "lib/python3.8/site-packages/astroid/nodes/__pycache__/__init__.cpython-38.pyc",
        "path_type": "hardlink",
        "sha256": "425b871d82e04710dfebeeac34d78a92e2bac19a96dbb0e353a509cc4d2a8ab4",
        "sha256_in_prefix": "425b871d82e04710dfebeeac34d78a92e2bac19a96dbb0e353a509cc4d2a8ab4",
        "size_in_bytes": 3078
      },
      {
        "_path": "lib/python3.8/site-packages/astroid/nodes/__pycache__/as_string.cpython-38.pyc",
        "path_type": "hardlink",
        "sha256": "9b5a7189bb35c3fd41bf4f5e9303bab8c9856edc6308ca44c1be261a4ac5fda5",
        "sha256_in_prefix": "9b5a7189bb35c3fd41bf4f5e9303bab8c9856edc6308ca44c1be261a4ac5fda5",
        "size_in_bytes": 28471
      },
      {
        "_path": "lib/python3.8/site-packages/astroid/nodes/__pycache__/const.cpython-38.pyc",
        "path_type": "hardlink",
        "sha256": "8d0d97c315598a64bbe2de78b5a8e0ef9effb7308e63174cae07df57656a2c93",
        "sha256_in_prefix": "8d0d97c315598a64bbe2de78b5a8e0ef9effb7308e63174cae07df57656a2c93",
        "size_in_bytes": 539
      },
      {
        "_path": "lib/python3.8/site-packages/astroid/nodes/__pycache__/node_classes.cpython-38.pyc",
        "path_type": "hardlink",
        "sha256": "d658c7d204f8503b4b333e651c6f5aa7230317734ed21d7e8b643ac99bee63aa",
        "sha256_in_prefix": "d658c7d204f8503b4b333e651c6f5aa7230317734ed21d7e8b643ac99bee63aa",
        "size_in_bytes": 119357
      },
      {
        "_path": "lib/python3.8/site-packages/astroid/nodes/__pycache__/node_ng.cpython-38.pyc",
        "path_type": "hardlink",
        "sha256": "7f5b5e2e380d6c6b4628b89c0c5ab1b1179e4de5067faf7d6379ac5937b9a296",
        "sha256_in_prefix": "7f5b5e2e380d6c6b4628b89c0c5ab1b1179e4de5067faf7d6379ac5937b9a296",
        "size_in_bytes": 22071
      },
      {
        "_path": "lib/python3.8/site-packages/astroid/nodes/as_string.py",
        "path_type": "hardlink",
        "sha256": "0e252cec3027c0872aecfbd20a2ed4049e86e44211eb8049c055d88ea2ca14ec",
        "sha256_in_prefix": "0e252cec3027c0872aecfbd20a2ed4049e86e44211eb8049c055d88ea2ca14ec",
        "size_in_bytes": 24779
      },
      {
        "_path": "lib/python3.8/site-packages/astroid/nodes/const.py",
        "path_type": "hardlink",
        "sha256": "fa8ad85bf281224af8621fdcc881712348a25fc82a138f192d942be05d4bac06",
        "sha256_in_prefix": "fa8ad85bf281224af8621fdcc881712348a25fc82a138f192d942be05d4bac06",
        "size_in_bytes": 724
      },
      {
        "_path": "lib/python3.8/site-packages/astroid/nodes/node_classes.py",
        "path_type": "hardlink",
        "sha256": "d3b236dfd34b9b873e88a0a98cb5a406d8a0d815f26164ac3dc9f003cb0266e3",
        "sha256_in_prefix": "d3b236dfd34b9b873e88a0a98cb5a406d8a0d815f26164ac3dc9f003cb0266e3",
        "size_in_bytes": 166435
      },
      {
        "_path": "lib/python3.8/site-packages/astroid/nodes/node_ng.py",
        "path_type": "hardlink",
        "sha256": "52ca71b2c2986dd4e14e2b8fde1a3061aa086b209819d8a81b2904225b1be031",
        "sha256_in_prefix": "52ca71b2c2986dd4e14e2b8fde1a3061aa086b209819d8a81b2904225b1be031",
        "size_in_bytes": 26964
      },
      {
        "_path": "lib/python3.8/site-packages/astroid/nodes/scoped_nodes/__init__.py",
        "path_type": "hardlink",
        "sha256": "4aadab1b1d64260cf12a766e4b5973e85140e91563f8d06ed003481019f36e73",
        "sha256_in_prefix": "4aadab1b1d64260cf12a766e4b5973e85140e91563f8d06ed003481019f36e73",
        "size_in_bytes": 1066
      },
      {
        "_path": "lib/python3.8/site-packages/astroid/nodes/scoped_nodes/__pycache__/__init__.cpython-38.pyc",
        "path_type": "hardlink",
        "sha256": "c9b97809cf9531d0467e94619f919c434dbf7da6cdd33aa23e5900f2ff1ba9c1",
        "sha256_in_prefix": "c9b97809cf9531d0467e94619f919c434dbf7da6cdd33aa23e5900f2ff1ba9c1",
        "size_in_bytes": 932
      },
      {
        "_path": "lib/python3.8/site-packages/astroid/nodes/scoped_nodes/__pycache__/scoped_nodes.cpython-38.pyc",
        "path_type": "hardlink",
        "sha256": "0b02f18881ce82504d9521ed879860ec58bbaeb0465e42e34d1a3e54073f5230",
        "sha256_in_prefix": "0b02f18881ce82504d9521ed879860ec58bbaeb0465e42e34d1a3e54073f5230",
        "size_in_bytes": 75671
      },
      {
        "_path": "lib/python3.8/site-packages/astroid/nodes/scoped_nodes/scoped_nodes.py",
        "path_type": "hardlink",
        "sha256": "64ca9a58d34b1393a7942daf08f3639054d7041801a779e8e796eea57971c66b",
        "sha256_in_prefix": "64ca9a58d34b1393a7942daf08f3639054d7041801a779e8e796eea57971c66b",
        "size_in_bytes": 109939
      },
      {
        "_path": "lib/python3.8/site-packages/astroid/objects.py",
        "path_type": "hardlink",
        "sha256": "a5e2e97aa448e5902701835a86a7e37ae8ec9254d687117cd6f6e82306d67b63",
        "sha256_in_prefix": "a5e2e97aa448e5902701835a86a7e37ae8ec9254d687117cd6f6e82306d67b63",
        "size_in_bytes": 11709
      },
      {
        "_path": "lib/python3.8/site-packages/astroid/protocols.py",
        "path_type": "hardlink",
        "sha256": "0889bdb398cd81cb600cf987335d58bdc1e597e537ee14fedb8d9dded3cbab72",
        "sha256_in_prefix": "0889bdb398cd81cb600cf987335d58bdc1e597e537ee14fedb8d9dded3cbab72",
        "size_in_bytes": 31076
      },
      {
        "_path": "lib/python3.8/site-packages/astroid/raw_building.py",
        "path_type": "hardlink",
        "sha256": "fb824a4998928ec6012a2b32a33a22f3fd4dbaee5aafed62fe3167b0557a65a8",
        "sha256_in_prefix": "fb824a4998928ec6012a2b32a33a22f3fd4dbaee5aafed62fe3167b0557a65a8",
        "size_in_bytes": 18102
      },
      {
        "_path": "lib/python3.8/site-packages/astroid/rebuilder.py",
        "path_type": "hardlink",
        "sha256": "ef0fc97aea57e4e707b31863605f90beb87d27a73d57042f26c7e73cdaf782b1",
        "sha256_in_prefix": "ef0fc97aea57e4e707b31863605f90beb87d27a73d57042f26c7e73cdaf782b1",
        "size_in_bytes": 88326
      },
      {
        "_path": "lib/python3.8/site-packages/astroid/scoped_nodes.py",
        "path_type": "hardlink",
        "sha256": "8681488ad1a55469236e9760e22d9609f6cfc450c13d11ce2d1e06f6ae81f18a",
        "sha256_in_prefix": "8681488ad1a55469236e9760e22d9609f6cfc450c13d11ce2d1e06f6ae81f18a",
        "size_in_bytes": 704
      },
      {
        "_path": "lib/python3.8/site-packages/astroid/test_utils.py",
        "path_type": "hardlink",
        "sha256": "f68b5ca722aa4ece731798bd0e048bad16be77b0558deafa0b92bb180d21dd0e",
        "sha256_in_prefix": "f68b5ca722aa4ece731798bd0e048bad16be77b0558deafa0b92bb180d21dd0e",
        "size_in_bytes": 2920
      },
      {
        "_path": "lib/python3.8/site-packages/astroid/transforms.py",
        "path_type": "hardlink",
        "sha256": "22472f69df29371adce30e19743c07dd59f943b3e08ee80addd0e13358412549",
        "sha256_in_prefix": "22472f69df29371adce30e19743c07dd59f943b3e08ee80addd0e13358412549",
        "size_in_bytes": 3631
      },
      {
        "_path": "lib/python3.8/site-packages/astroid/util.py",
        "path_type": "hardlink",
        "sha256": "2f367eadfc9d637aa5b900389afe5f44badb9decd3f7f40630306d7b338cb360",
        "sha256_in_prefix": "2f367eadfc9d637aa5b900389afe5f44badb9decd3f7f40630306d7b338cb360",
        "size_in_bytes": 4304
      }
    ],
    "paths_version": 1
  },
  "requested_spec": "None",
  "sha256": "144c668357472a487af9c69d3b79d3f881896cff91d843684e86ec1993006f8d",
  "size": 354487,
  "subdir": "osx-64",
  "timestamp": 1642537220430,
  "track_features": "",
  "url": "https://conda.anaconda.org/conda-forge/osx-64/astroid-2.9.3-py38h50d1736_0.tar.bz2",
  "version": "2.9.3"
}