{
  "build": "h0d85af4_4",
  "build_number": 4,
  "channel": "https://conda.anaconda.org/conda-forge/osx-64",
  "constrains": [],
  "depends": [],
  "extracted_package_dir": "/opt/homebrew/anaconda3/pkgs/bzip2-1.0.8-h0d85af4_4",
  "features": "",
  "files": [
    "bin/bunzip2",
    "bin/bzcat",
    "bin/bzcmp",
    "bin/bzdiff",
    "bin/bzegrep",
    "bin/bzfgrep",
    "bin/bzgrep",
    "bin/bzip2",
    "bin/bzip2recover",
    "bin/bzless",
    "bin/bzmore",
    "include/bzlib.h",
    "lib/libbz2.1.0.8.dylib",
    "lib/libbz2.a",
    "lib/libbz2.dylib",
    "man/man1/bzcmp.1",
    "man/man1/bzdiff.1",
    "man/man1/bzegrep.1",
    "man/man1/bzfgrep.1",
    "man/man1/bzgrep.1",
    "man/man1/bzip2.1",
    "man/man1/bzless.1",
    "man/man1/bzmore.1"
  ],
  "fn": "bzip2-1.0.8-h0d85af4_4.tar.bz2",
  "license": "bzip2-1.0.6",
  "license_family": "BSD",
  "link": {
    "source": "/opt/homebrew/anaconda3/pkgs/bzip2-1.0.8-h0d85af4_4",
    "type": 1
  },
  "md5": "37edc4e6304ca87316e160f5ca0bd1b5",
  "name": "bzip2",
  "package_tarball_full_path": "/opt/homebrew/anaconda3/pkgs/bzip2-1.0.8-h0d85af4_4.tar.bz2",
  "paths_data": {
    "paths": [
      {
        "_path": "bin/bunzip2",
        "path_type": "hardlink",
        "sha256": "2849c5007caaf0f89164d28d10746bce567a4bad4c5e0f772904445b28ab4406",
        "sha256_in_prefix": "2849c5007caaf0f89164d28d10746bce567a4bad4c5e0f772904445b28ab4406",
        "size_in_bytes": 107852
      },
      {
        "_path": "bin/bzcat",
        "path_type": "hardlink",
        "sha256": "2849c5007caaf0f89164d28d10746bce567a4bad4c5e0f772904445b28ab4406",
        "sha256_in_prefix": "2849c5007caaf0f89164d28d10746bce567a4bad4c5e0f772904445b28ab4406",
        "size_in_bytes": 107852
      },
      {
        "_path": "bin/bzcmp",
        "path_type": "softlink",
        "sha256": "1c1f96193cdf14b85ea65f140a7557a07ece8783a53ec5ba6b5c30644a9d3012",
        "size_in_bytes": 2140
      },
      {
        "_path": "bin/bzdiff",
        "path_type": "hardlink",
        "sha256": "1c1f96193cdf14b85ea65f140a7557a07ece8783a53ec5ba6b5c30644a9d3012",
        "sha256_in_prefix": "1c1f96193cdf14b85ea65f140a7557a07ece8783a53ec5ba6b5c30644a9d3012",
        "size_in_bytes": 2140
      },
      {
        "_path": "bin/bzegrep",
        "path_type": "softlink",
        "sha256": "a8e368a31766c7862b8d0feeffe274c3bb43b969e3ccb4f9e77d13bfa447a5c9",
        "size_in_bytes": 2054
      },
      {
        "_path": "bin/bzfgrep",
        "path_type": "softlink",
        "sha256": "a8e368a31766c7862b8d0feeffe274c3bb43b969e3ccb4f9e77d13bfa447a5c9",
        "size_in_bytes": 2054
      },
      {
        "_path": "bin/bzgrep",
        "path_type": "hardlink",
        "sha256": "a8e368a31766c7862b8d0feeffe274c3bb43b969e3ccb4f9e77d13bfa447a5c9",
        "sha256_in_prefix": "a8e368a31766c7862b8d0feeffe274c3bb43b969e3ccb4f9e77d13bfa447a5c9",
        "size_in_bytes": 2054
      },
      {
        "_path": "bin/bzip2",
        "path_type": "hardlink",
        "sha256": "2849c5007caaf0f89164d28d10746bce567a4bad4c5e0f772904445b28ab4406",
        "sha256_in_prefix": "2849c5007caaf0f89164d28d10746bce567a4bad4c5e0f772904445b28ab4406",
        "size_in_bytes": 107852
      },
      {
        "_path": "bin/bzip2recover",
        "path_type": "hardlink",
        "sha256": "b5458b26be93cc1ecb0029d6eca3e53b27844380d31c637613f02ad559df81bf",
        "sha256_in_prefix": "b5458b26be93cc1ecb0029d6eca3e53b27844380d31c637613f02ad559df81bf",
        "size_in_bytes": 18916
      },
      {
        "_path": "bin/bzless",
        "path_type": "softlink",
        "sha256": "836536d4c7469788c730355d59f8ae8d16ba07cb0754174878d99ed90f04448d",
        "size_in_bytes": 1259
      },
      {
        "_path": "bin/bzmore",
        "path_type": "hardlink",
        "sha256": "836536d4c7469788c730355d59f8ae8d16ba07cb0754174878d99ed90f04448d",
        "sha256_in_prefix": "836536d4c7469788c730355d59f8ae8d16ba07cb0754174878d99ed90f04448d",
        "size_in_bytes": 1259
      },
      {
        "_path": "include/bzlib.h",
        "path_type": "hardlink",
        "sha256": "6ac62e811669598ee30c9e1c379b9e627f6ff17a5a3dc1e0b4fa8b8ea75e580d",
        "sha256_in_prefix": "6ac62e811669598ee30c9e1c379b9e627f6ff17a5a3dc1e0b4fa8b8ea75e580d",
        "size_in_bytes": 6240
      },
      {
        "_path": "lib/libbz2.1.0.8.dylib",
        "path_type": "hardlink",
        "sha256": "4bf1b0ca630bc9a83ea255f01997694776197d46a8a356547cff881d4eadf9cb",
        "sha256_in_prefix": "4bf1b0ca630bc9a83ea255f01997694776197d46a8a356547cff881d4eadf9cb",
        "size_in_bytes": 81916
      },
      {
        "_path": "lib/libbz2.a",
        "path_type": "hardlink",
        "sha256": "c75d2ea309e1b758df8c5d6ea0f53260834e04ea9828d50d5e2603b15fc3c14e",
        "sha256_in_prefix": "c75d2ea309e1b758df8c5d6ea0f53260834e04ea9828d50d5e2603b15fc3c14e",
        "size_in_bytes": 221944
      },
      {
        "_path": "lib/libbz2.dylib",
        "path_type": "softlink",
        "sha256": "4bf1b0ca630bc9a83ea255f01997694776197d46a8a356547cff881d4eadf9cb",
        "size_in_bytes": 81916
      },
      {
        "_path": "man/man1/bzcmp.1",
        "path_type": "hardlink",
        "sha256": "172cde42c47a6d50c244e39d993097dcd3882427d57303078643849cf10a81c4",
        "sha256_in_prefix": "172cde42c47a6d50c244e39d993097dcd3882427d57303078643849cf10a81c4",
        "size_in_bytes": 18
      },
      {
        "_path": "man/man1/bzdiff.1",
        "path_type": "hardlink",
        "sha256": "32d1a7cd115430398e58537532584ef2ab76343c9f094dcd1253d9c4c0f705bf",
        "sha256_in_prefix": "32d1a7cd115430398e58537532584ef2ab76343c9f094dcd1253d9c4c0f705bf",
        "size_in_bytes": 897
      },
      {
        "_path": "man/man1/bzegrep.1",
        "path_type": "hardlink",
        "sha256": "cf1c98d3fa055506c8af2f8bba4da9c17d367c6409c6ad83a2bc67ccb6630182",
        "sha256_in_prefix": "cf1c98d3fa055506c8af2f8bba4da9c17d367c6409c6ad83a2bc67ccb6630182",
        "size_in_bytes": 18
      },
      {
        "_path": "man/man1/bzfgrep.1",
        "path_type": "hardlink",
        "sha256": "cf1c98d3fa055506c8af2f8bba4da9c17d367c6409c6ad83a2bc67ccb6630182",
        "sha256_in_prefix": "cf1c98d3fa055506c8af2f8bba4da9c17d367c6409c6ad83a2bc67ccb6630182",
        "size_in_bytes": 18
      },
      {
        "_path": "man/man1/bzgrep.1",
        "path_type": "hardlink",
        "sha256": "924aa4a7c7c1467400181e4c0ee1b527db142b6399a717171f2351b72b5899df",
        "sha256_in_prefix": "924aa4a7c7c1467400181e4c0ee1b527db142b6399a717171f2351b72b5899df",
        "size_in_bytes": 1297
      },
      {
        "_path": "man/man1/bzip2.1",
        "path_type": "hardlink",
        "sha256": "27b984bb2e8bbee2651d11cda87449cfc4138d2e479b9eaa77b8f60fa5d0bf5d",
        "sha256_in_prefix": "27b984bb2e8bbee2651d11cda87449cfc4138d2e479b9eaa77b8f60fa5d0bf5d",
        "size_in_bytes": 16266
      },
      {
        "_path": "man/man1/bzless.1",
        "path_type": "hardlink",
        "sha256": "216898f9b8acf61eeb471ecf23e47c1452dfd648f7f38d7d3bf48627072dc52c",
        "sha256_in_prefix": "216898f9b8acf61eeb471ecf23e47c1452dfd648f7f38d7d3bf48627072dc52c",
        "size_in_bytes": 18
      },
      {
        "_path": "man/man1/bzmore.1",
        "path_type": "hardlink",
        "sha256": "ccfcf3f995e11adae3035e287252091bb72d165da21e0c385a4965d17c9051c7",
        "sha256_in_prefix": "ccfcf3f995e11adae3035e287252091bb72d165da21e0c385a4965d17c9051c7",
        "size_in_bytes": 4310
      }
    ],
    "paths_version": 1
  },
  "requested_spec": "None",
  "sha256": "60ba4c64f5d0afca0d283c7addba577d3e2efc0db86002808dadb0498661b2f2",
  "size": 158829,
  "subdir": "osx-64",
  "timestamp": 1618862580095,
  "track_features": "",
  "url": "https://conda.anaconda.org/conda-forge/osx-64/bzip2-1.0.8-h0d85af4_4.tar.bz2",
  "version": "1.0.8"
}