{
  "build": "h033912b_0",
  "build_number": 0,
  "channel": "https://conda.anaconda.org/conda-forge/osx-64",
  "constrains": [],
  "depends": [],
  "extracted_package_dir": "/opt/homebrew/anaconda3/pkgs/ca-certificates-2022.6.15-h033912b_0",
  "features": "",
  "files": [
    "ssl/cacert.pem",
    "ssl/cert.pem"
  ],
  "fn": "ca-certificates-2022.6.15-h033912b_0.tar.bz2",
  "license": "ISC",
  "link": {
    "source": "/opt/homebrew/anaconda3/pkgs/ca-certificates-2022.6.15-h033912b_0",
    "type": 1
  },
  "md5": "d16674f96e47de0d08af3fc97803134e",
  "name": "ca-certificates",
  "package_tarball_full_path": "/opt/homebrew/anaconda3/pkgs/ca-certificates-2022.6.15-h033912b_0.tar.bz2",
  "paths_data": {
    "paths": [
      {
        "_path": "ssl/cacert.pem",
        "path_type": "hardlink",
        "sha256": "a59fde883a0ef9d74ab9dad009689e00173d28595b57416c98b2ee83280c6e4c",
        "sha256_in_prefix": "a59fde883a0ef9d74ab9dad009689e00173d28595b57416c98b2ee83280c6e4c",
        "size_in_bytes": 285222
      },
      {
        "_path": "ssl/cert.pem",
        "path_type": "softlink",
        "sha256": "a59fde883a0ef9d74ab9dad009689e00173d28595b57416c98b2ee83280c6e4c",
        "size_in_bytes": 285222
      }
    ],
    "paths_version": 1
  },
  "requested_spec": "None",
  "sha256": "cd2a02952e3b0b190680b0be804b586908340378a7fe3e711a3d191c9c1e8e9c",
  "size": 152548,
  "subdir": "osx-64",
  "timestamp": 1655341025329,
  "track_features": "",
  "url": "https://conda.anaconda.org/conda-forge/osx-64/ca-certificates-2022.6.15-h033912b_0.tar.bz2",
  "version": "2022.6.15"
}