{
  "build": "py_1001",
  "build_number": 1001,
  "channel": "https://conda.anaconda.org/conda-forge/noarch",
  "constrains": [],
  "depends": [
    "python"
  ],
  "extracted_package_dir": "/opt/homebrew/anaconda3/pkgs/et_xmlfile-1.0.1-py_1001",
  "features": "",
  "files": [
    "lib/python3.8/site-packages/et_xmlfile-1.0.1-py2.7.egg-info/PKG-INFO",
    "lib/python3.8/site-packages/et_xmlfile-1.0.1-py2.7.egg-info/SOURCES.txt",
    "lib/python3.8/site-packages/et_xmlfile-1.0.1-py2.7.egg-info/dependency_links.txt",
    "lib/python3.8/site-packages/et_xmlfile-1.0.1-py2.7.egg-info/top_level.txt",
    "lib/python3.8/site-packages/et_xmlfile/__init__.py",
    "lib/python3.8/site-packages/et_xmlfile/tests/__init__.py",
    "lib/python3.8/site-packages/et_xmlfile/tests/common_imports.py",
    "lib/python3.8/site-packages/et_xmlfile/tests/helper.py",
    "lib/python3.8/site-packages/et_xmlfile/tests/test_incremental_xmlfile.py",
    "lib/python3.8/site-packages/et_xmlfile/xmlfile.py",
    "lib/python3.8/site-packages/et_xmlfile/__pycache__/__init__.cpython-38.pyc",
    "lib/python3.8/site-packages/et_xmlfile/tests/__pycache__/__init__.cpython-38.pyc",
    "lib/python3.8/site-packages/et_xmlfile/tests/__pycache__/common_imports.cpython-38.pyc",
    "lib/python3.8/site-packages/et_xmlfile/tests/__pycache__/helper.cpython-38.pyc",
    "lib/python3.8/site-packages/et_xmlfile/tests/__pycache__/test_incremental_xmlfile.cpython-38.pyc",
    "lib/python3.8/site-packages/et_xmlfile/__pycache__/xmlfile.cpython-38.pyc"
  ],
  "fn": "et_xmlfile-1.0.1-py_1001.tar.bz2",
  "license": "MIT",
  "license_family": "MIT",
  "link": {
    "source": "/opt/homebrew/anaconda3/pkgs/et_xmlfile-1.0.1-py_1001",
    "type": 1
  },
  "md5": "2ca571121f480d1c2b90782463924873",
  "name": "et_xmlfile",
  "noarch": "python",
  "package_tarball_full_path": "/opt/homebrew/anaconda3/pkgs/et_xmlfile-1.0.1-py_1001.tar.bz2",
  "package_type": "noarch_python",
  "paths_data": {
    "paths": [
      {
        "_path": "site-packages/et_xmlfile-1.0.1-py2.7.egg-info/PKG-INFO",
        "path_type": "hardlink",
        "sha256": "b5861450d7ddc696fe10b355e3f2ac2104c471cd4c95cbe8470a77fdf282afb1",
        "sha256_in_prefix": "b5861450d7ddc696fe10b355e3f2ac2104c471cd4c95cbe8470a77fdf282afb1",
        "size_in_bytes": 1898
      },
      {
        "_path": "site-packages/et_xmlfile-1.0.1-py2.7.egg-info/SOURCES.txt",
        "path_type": "hardlink",
        "sha256": "308875fca2d09224ad5326e5d74b48987bb52835e9cbe57c4e62924f5f49935c",
        "sha256_in_prefix": "308875fca2d09224ad5326e5d74b48987bb52835e9cbe57c4e62924f5f49935c",
        "size_in_bytes": 358
      },
      {
        "_path": "site-packages/et_xmlfile-1.0.1-py2.7.egg-info/dependency_links.txt",
        "path_type": "hardlink",
        "sha256": "01ba4719c80b6fe911b091a7c05124b64eeece964e09c058ef8f9805daca546b",
        "sha256_in_prefix": "01ba4719c80b6fe911b091a7c05124b64eeece964e09c058ef8f9805daca546b",
        "size_in_bytes": 1
      },
      {
        "_path": "site-packages/et_xmlfile-1.0.1-py2.7.egg-info/top_level.txt",
        "path_type": "hardlink",
        "sha256": "df8fbbe1de4d3404604ec3f108cb5ae68dbc5e904d992374882661b66c76164f",
        "sha256_in_prefix": "df8fbbe1de4d3404604ec3f108cb5ae68dbc5e904d992374882661b66c76164f",
        "size_in_bytes": 11
      },
      {
        "_path": "site-packages/et_xmlfile/__init__.py",
        "path_type": "hardlink",
        "sha256": "ebeb185c89ef9da53c32472d0b088373f79493f8b2742f8c8d07b8f5d810d288",
        "sha256_in_prefix": "ebeb185c89ef9da53c32472d0b088373f79493f8b2742f8c8d07b8f5d810d288",
        "size_in_bytes": 266
      },
      {
        "_path": "site-packages/et_xmlfile/tests/__init__.py",
        "path_type": "hardlink",
        "sha256": "e3b0c44298fc1c149afbf4c8996fb92427ae41e4649b934ca495991b7852b855",
        "sha256_in_prefix": "e3b0c44298fc1c149afbf4c8996fb92427ae41e4649b934ca495991b7852b855",
        "size_in_bytes": 0
      },
      {
        "_path": "site-packages/et_xmlfile/tests/common_imports.py",
        "path_type": "hardlink",
        "sha256": "d6797c29195ce9a98d5e6c840d108ec04df5384bfc351180b77083d4424a86b7",
        "sha256_in_prefix": "d6797c29195ce9a98d5e6c840d108ec04df5384bfc351180b77083d4424a86b7",
        "size_in_bytes": 8732
      },
      {
        "_path": "site-packages/et_xmlfile/tests/helper.py",
        "path_type": "hardlink",
        "sha256": "c65c71fa57241bb8dbd6e93d6009ef1b2f77313ca463e8a98a9d041b26da2245",
        "sha256_in_prefix": "c65c71fa57241bb8dbd6e93d6009ef1b2f77313ca463e8a98a9d041b26da2245",
        "size_in_bytes": 605
      },
      {
        "_path": "site-packages/et_xmlfile/tests/test_incremental_xmlfile.py",
        "path_type": "hardlink",
        "sha256": "e6a2f6c62d28902d6fe3d3e939639c1979d4c4f83d019fea2e7a52fc2a337b8d",
        "sha256_in_prefix": "e6a2f6c62d28902d6fe3d3e939639c1979d4c4f83d019fea2e7a52fc2a337b8d",
        "size_in_bytes": 11376
      },
      {
        "_path": "site-packages/et_xmlfile/xmlfile.py",
        "path_type": "hardlink",
        "sha256": "fe1db44516f7a6d0d9eb15e8c4c53f5abc7cac6e9466c8344d2ec710eae8b738",
        "sha256_in_prefix": "fe1db44516f7a6d0d9eb15e8c4c53f5abc7cac6e9466c8344d2ec710eae8b738",
        "size_in_bytes": 3204
      },
      {
        "_path": "lib/python3.8/site-packages/et_xmlfile/__pycache__/__init__.cpython-38.pyc",
        "path_type": "pyc_file"
      },
      {
        "_path": "lib/python3.8/site-packages/et_xmlfile/tests/__pycache__/__init__.cpython-38.pyc",
        "path_type": "pyc_file"
      },
      {
        "_path": "lib/python3.8/site-packages/et_xmlfile/tests/__pycache__/common_imports.cpython-38.pyc",
        "path_type": "pyc_file"
      },
      {
        "_path": "lib/python3.8/site-packages/et_xmlfile/tests/__pycache__/helper.cpython-38.pyc",
        "path_type": "pyc_file"
      },
      {
        "_path": "lib/python3.8/site-packages/et_xmlfile/tests/__pycache__/test_incremental_xmlfile.cpython-38.pyc",
        "path_type": "pyc_file"
      },
      {
        "_path": "lib/python3.8/site-packages/et_xmlfile/__pycache__/xmlfile.cpython-38.pyc",
        "path_type": "pyc_file"
      }
    ],
    "paths_version": 1
  },
  "requested_spec": "None",
  "sha256": "2451b83c2346c380d2d0c75dc4210aeb9d718c5bf65bb326c1eede72860d0aca",
  "size": 11250,
  "subdir": "noarch",
  "timestamp": 1560205597432,
  "track_features": "",
  "url": "https://conda.anaconda.org/conda-forge/noarch/et_xmlfile-1.0.1-py_1001.tar.bz2",
  "version": "1.0.1"
}