{
  "build": "pyh9f0ad1d_0",
  "build_number": 0,
  "channel": "https://conda.anaconda.org/conda-forge/noarch",
  "constrains": [],
  "depends": [
    "python"
  ],
  "extracted_package_dir": "/opt/homebrew/anaconda3/pkgs/iniconfig-1.1.1-pyh9f0ad1d_0",
  "features": "",
  "files": [
    "lib/python3.8/site-packages/iniconfig-1.1.1.dist-info/INSTALLER",
    "lib/python3.8/site-packages/iniconfig-1.1.1.dist-info/LICENSE",
    "lib/python3.8/site-packages/iniconfig-1.1.1.dist-info/METADATA",
    "lib/python3.8/site-packages/iniconfig-1.1.1.dist-info/RECORD",
    "lib/python3.8/site-packages/iniconfig-1.1.1.dist-info/REQUESTED",
    "lib/python3.8/site-packages/iniconfig-1.1.1.dist-info/WHEEL",
    "lib/python3.8/site-packages/iniconfig-1.1.1.dist-info/direct_url.json",
    "lib/python3.8/site-packages/iniconfig-1.1.1.dist-info/top_level.txt",
    "lib/python3.8/site-packages/iniconfig/__init__.py",
    "lib/python3.8/site-packages/iniconfig/__init__.pyi",
    "lib/python3.8/site-packages/iniconfig/py.typed",
    "lib/python3.8/site-packages/iniconfig/__pycache__/__init__.cpython-38.pyc"
  ],
  "fn": "iniconfig-1.1.1-pyh9f0ad1d_0.tar.bz2",
  "license": "MIT",
  "license_family": "MIT",
  "link": {
    "source": "/opt/homebrew/anaconda3/pkgs/iniconfig-1.1.1-pyh9f0ad1d_0",
    "type": 1
  },
  "md5": "39161f81cc5e5ca45b8226fbb06c6905",
  "name": "iniconfig",
  "noarch": "python",
  "package_tarball_full_path": "/opt/homebrew/anaconda3/pkgs/iniconfig-1.1.1-pyh9f0ad1d_0.tar.bz2",
  "package_type": "noarch_python",
  "paths_data": {
    "paths": [
      {
        "_path": "site-packages/iniconfig-1.1.1.dist-info/INSTALLER",
        "path_type": "hardlink",
        "sha256": "d0edee15f91b406f3f99726e44eb990be6e34fd0345b52b910c568e0eef6a2a8",
        "sha256_in_prefix": "d0edee15f91b406f3f99726e44eb990be6e34fd0345b52b910c568e0eef6a2a8",
        "size_in_bytes": 5
      },
      {
        "_path": "site-packages/iniconfig-1.1.1.dist-info/LICENSE",
        "path_type": "hardlink",
        "sha256": "2af680c39ef493fb82830356d1d3df1acb5a06033cba2dec7a19e21caa77a866",
        "sha256_in_prefix": "2af680c39ef493fb82830356d1d3df1acb5a06033cba2dec7a19e21caa77a866",
        "size_in_bytes": 1061
      },
      {
        "_path": "site-packages/iniconfig-1.1.1.dist-info/METADATA",
        "path_type": "hardlink",
        "sha256": "ff8fa814aa515ee66fe6bcdea527295d1c21aba0f3aac81b9c0e59a6031431cb",
        "sha256_in_prefix": "ff8fa814aa515ee66fe6bcdea527295d1c21aba0f3aac81b9c0e59a6031431cb",
        "size_in_bytes": 2405
      },
      {
        "_path": "site-packages/iniconfig-1.1.1.dist-info/RECORD",
        "path_type": "hardlink",
        "sha256": "ad9a7df372c3905f62675667882437de005eae557a4bc4826d316822e7610270",
        "sha256_in_prefix": "ad9a7df372c3905f62675667882437de005eae557a4bc4826d316822e7610270",
        "size_in_bytes": 961
      },
      {
        "_path": "site-packages/iniconfig-1.1.1.dist-info/REQUESTED",
        "path_type": "hardlink",
        "sha256": "e3b0c44298fc1c149afbf4c8996fb92427ae41e4649b934ca495991b7852b855",
        "sha256_in_prefix": "e3b0c44298fc1c149afbf4c8996fb92427ae41e4649b934ca495991b7852b855",
        "size_in_bytes": 0
      },
      {
        "_path": "site-packages/iniconfig-1.1.1.dist-info/WHEEL",
        "path_type": "hardlink",
        "sha256": "00329ec9a1b2285e43c01344d2c444e69bd6f9b4a414c25f06e873677adc78fe",
        "sha256_in_prefix": "00329ec9a1b2285e43c01344d2c444e69bd6f9b4a414c25f06e873677adc78fe",
        "size_in_bytes": 110
      },
      {
        "_path": "site-packages/iniconfig-1.1.1.dist-info/direct_url.json",
        "path_type": "hardlink",
        "sha256": "340e08e109ca057c2d7b63b9ec8cebb1d44f92b0e8da18bb840531e5000c5730",
        "sha256_in_prefix": "340e08e109ca057c2d7b63b9ec8cebb1d44f92b0e8da18bb840531e5000c5730",
        "size_in_bytes": 105
      },
      {
        "_path": "site-packages/iniconfig-1.1.1.dist-info/top_level.txt",
        "path_type": "hardlink",
        "sha256": "eca7ccd1fba07654e88fd516ede9ca5e4d876002d00fca878b22ad8e14b380df",
        "sha256_in_prefix": "eca7ccd1fba07654e88fd516ede9ca5e4d876002d00fca878b22ad8e14b380df",
        "size_in_bytes": 10
      },
      {
        "_path": "site-packages/iniconfig/__init__.py",
        "path_type": "hardlink",
        "sha256": "fa905ee4017fe9a030a350b1250f22ff326ae9e8dce88c47b5aeea936b4d2616",
        "sha256_in_prefix": "fa905ee4017fe9a030a350b1250f22ff326ae9e8dce88c47b5aeea936b4d2616",
        "size_in_bytes": 5208
      },
      {
        "_path": "site-packages/iniconfig/__init__.pyi",
        "path_type": "hardlink",
        "sha256": "fb828e72dceadbca214664d9b2a947e9aca5c85aac34ac58aad93576d7b2a62e",
        "sha256_in_prefix": "fb828e72dceadbca214664d9b2a947e9aca5c85aac34ac58aad93576d7b2a62e",
        "size_in_bytes": 1205
      },
      {
        "_path": "site-packages/iniconfig/py.typed",
        "path_type": "hardlink",
        "sha256": "e3b0c44298fc1c149afbf4c8996fb92427ae41e4649b934ca495991b7852b855",
        "sha256_in_prefix": "e3b0c44298fc1c149afbf4c8996fb92427ae41e4649b934ca495991b7852b855",
        "size_in_bytes": 0
      },
      {
        "_path": "lib/python3.8/site-packages/iniconfig/__pycache__/__init__.cpython-38.pyc",
        "path_type": "pyc_file"
      }
    ],
    "paths_version": 1
  },
  "requested_spec": "None",
  "sha256": "9423ded508ebda87dae21d7876134e406ffeb88e6059f3fe1a909d180c351959",
  "size": 8306,
  "subdir": "noarch",
  "timestamp": 1603384301385,
  "track_features": "",
  "url": "https://conda.anaconda.org/conda-forge/noarch/iniconfig-1.1.1-pyh9f0ad1d_0.tar.bz2",
  "version": "1.1.1"
}