{
  "build": "9_3_0_h6c81a4c_23",
  "build_number": 23,
  "channel": "https://conda.anaconda.org/conda-forge/osx-64",
  "constrains": [],
  "depends": [
    "libgfortran5"
  ],
  "extracted_package_dir": "/opt/homebrew/anaconda3/pkgs/libgfortran-5.0.0-9_3_0_h6c81a4c_23",
  "features": "",
  "files": [],
  "fn": "libgfortran-5.0.0-9_3_0_h6c81a4c_23.tar.bz2",
  "license": "GPL-3.0-only WITH GCC-exception-3.1",
  "license_family": "GPL",
  "link": {
    "source": "/opt/homebrew/anaconda3/pkgs/libgfortran-5.0.0-9_3_0_h6c81a4c_23",
    "type": 1
  },
  "md5": "60f48cef2d50674e0428c5579b6c3f66",
  "name": "libgfortran",
  "package_tarball_full_path": "/opt/homebrew/anaconda3/pkgs/libgfortran-5.0.0-9_3_0_h6c81a4c_23.tar.bz2",
  "paths_data": {
    "paths": [],
    "paths_version": 1
  },
  "requested_spec": "None",
  "sha256": "bea6b12682bace803e55533856033d7cc628e43b5e7f5d04bd251618a426e145",
  "size": 19697,
  "subdir": "osx-64",
  "timestamp": 1627439591339,
  "track_features": "",
  "url": "https://conda.anaconda.org/conda-forge/osx-64/libgfortran-5.0.0-9_3_0_h6c81a4c_23.tar.bz2",
  "version": "5.0.0"
}