{
  "build": "openmp_h4e9756f_1",
  "build_number": 1,
  "channel": "https://conda.anaconda.org/conda-forge/osx-64",
  "constrains": [
    "openblas >=0.3.20,<0.3.21.0a0"
  ],
  "depends": [
    "libgfortran 5.*",
    "libgfortran5 >=9.3.0",
    "llvm-openmp >=13.0.1"
  ],
  "extracted_package_dir": "/opt/homebrew/anaconda3/pkgs/libopenblas-0.3.20-openmp_h4e9756f_1",
  "features": "",
  "files": [
    "lib/libopenblas.0.dylib",
    "lib/libopenblasp-r0.3.20.dylib"
  ],
  "fn": "libopenblas-0.3.20-openmp_h4e9756f_1.tar.bz2",
  "license": "BSD-3-Clause",
  "license_family": "BSD",
  "link": {
    "source": "/opt/homebrew/anaconda3/pkgs/libopenblas-0.3.20-openmp_h4e9756f_1",
    "type": 1
  },
  "md5": "3822c1977aefa5d41244384aee897a82",
  "name": "libopenblas",
  "package_tarball_full_path": "/opt/homebrew/anaconda3/pkgs/libopenblas-0.3.20-openmp_h4e9756f_1.tar.bz2",
  "paths_data": {
    "paths": [
      {
        "_path": "lib/libopenblas.0.dylib",
        "path_type": "softlink",
        "sha256": "7cb55f0861a1e5bf5a393237971a3414995b38a7a03857116624f8e366f18a8a",
        "size_in_bytes": 67249848
      },
      {
        "_path": "lib/libopenblasp-r0.3.20.dylib",
        "path_type": "hardlink",
        "sha256": "7cb55f0861a1e5bf5a393237971a3414995b38a7a03857116624f8e366f18a8a",
        "sha256_in_prefix": "7cb55f0861a1e5bf5a393237971a3414995b38a7a03857116624f8e366f18a8a",
        "size_in_bytes": 67249848
      }
    ],
    "paths_version": 1
  },
  "requested_spec": "None",
  "sha256": "d6f06f06be5a1ce4392cd9499cbd6bc1456621d293fc3d88e712ecad2eaad801",
  "size": 10073920,
  "subdir": "osx-64",
  "timestamp": 1658931500027,
  "track_features": "",
  "url": "https://conda.anaconda.org/conda-forge/osx-64/libopenblas-0.3.20-openmp_h4e9756f_1.tar.bz2",
  "version": "0.3.20"
}