{
  "build": "ha654fa7_0",
  "build_number": 0,
  "channel": "https://conda.anaconda.org/conda-forge/osx-64",
  "constrains": [
    "openmp 14.0.4|14.0.4.*"
  ],
  "depends": [],
  "extracted_package_dir": "/opt/homebrew/anaconda3/pkgs/llvm-openmp-14.0.4-ha654fa7_0",
  "features": "",
  "files": [
    "include/omp-tools.h",
    "include/omp.h",
    "include/ompt.h",
    "lib/clang/14.0.4/include/omp.h",
    "lib/libiomp5.dylib",
    "lib/libomp.dylib"
  ],
  "fn": "llvm-openmp-14.0.4-ha654fa7_0.tar.bz2",
  "license": "Apache-2.0 WITH LLVM-exception",
  "license_family": "APACHE",
  "link": {
    "source": "/opt/homebrew/anaconda3/pkgs/llvm-openmp-14.0.4-ha654fa7_0",
    "type": 1
  },
  "md5": "5d5ab9ab83ce21422be84ecfd3142201",
  "name": "llvm-openmp",
  "package_tarball_full_path": "/opt/homebrew/anaconda3/pkgs/llvm-openmp-14.0.4-ha654fa7_0.tar.bz2",
  "paths_data": {
    "paths": [
      {
        "_path": "include/omp-tools.h",
        "path_type": "hardlink",
        "sha256": "c341fb7c97975911dacd5a205d98a4538c5ef3024f8ea5ceaeaa44bb7764730a",
        "sha256_in_prefix": "c341fb7c97975911dacd5a205d98a4538c5ef3024f8ea5ceaeaa44bb7764730a",
        "size_in_bytes": 48958
      },
      {
        "_path": "include/omp.h",
        "path_type": "hardlink",
        "sha256": "2f66990422ae7bfa7bb4728d65aa550e9fe73e4c24207d52b97d189c6b05db14",
        "sha256_in_prefix": "2f66990422ae7bfa7bb4728d65aa550e9fe73e4c24207d52b97d189c6b05db14",
        "size_in_bytes": 23553
      },
      {
        "_path": "include/ompt.h",
        "path_type": "hardlink",
        "sha256": "c341fb7c97975911dacd5a205d98a4538c5ef3024f8ea5ceaeaa44bb7764730a",
        "sha256_in_prefix": "c341fb7c97975911dacd5a205d98a4538c5ef3024f8ea5ceaeaa44bb7764730a",
        "size_in_bytes": 48958
      },
      {
        "_path": "lib/clang/14.0.4/include/omp.h",
        "path_type": "hardlink",
        "sha256": "2f66990422ae7bfa7bb4728d65aa550e9fe73e4c24207d52b97d189c6b05db14",
        "sha256_in_prefix": "2f66990422ae7bfa7bb4728d65aa550e9fe73e4c24207d52b97d189c6b05db14",
        "size_in_bytes": 23553
      },
      {
        "_path": "lib/libiomp5.dylib",
        "path_type": "softlink",
        "sha256": "1021724a18312a948d5f3171fe4d1c563b05cb614349a60eab839b5cdd7f2b6b",
        "size_in_bytes": 801656
      },
      {
        "_path": "lib/libomp.dylib",
        "path_type": "hardlink",
        "sha256": "1021724a18312a948d5f3171fe4d1c563b05cb614349a60eab839b5cdd7f2b6b",
        "sha256_in_prefix": "1021724a18312a948d5f3171fe4d1c563b05cb614349a60eab839b5cdd7f2b6b",
        "size_in_bytes": 801656
      }
    ],
    "paths_version": 1
  },
  "requested_spec": "None",
  "sha256": "dfe2fa815471c2638a009eb47969605730d92c3af3f183295587e34f996d2f30",
  "size": 336877,
  "subdir": "osx-64",
  "timestamp": 1653556348326,
  "track_features": "",
  "url": "https://conda.anaconda.org/conda-forge/osx-64/llvm-openmp-14.0.4-ha654fa7_0.tar.bz2",
  "version": "14.0.4"
}