{
  "build": "py_1",
  "build_number": 1,
  "channel": "https://conda.anaconda.org/conda-forge/noarch",
  "constrains": [],
  "depends": [
    "python"
  ],
  "extracted_package_dir": "/opt/homebrew/anaconda3/pkgs/mccabe-0.6.1-py_1",
  "features": "",
  "files": [
    "lib/python3.8/site-packages/mccabe-0.6.1-py2.7.egg-info/PKG-INFO",
    "lib/python3.8/site-packages/mccabe-0.6.1-py2.7.egg-info/SOURCES.txt",
    "lib/python3.8/site-packages/mccabe-0.6.1-py2.7.egg-info/dependency_links.txt",
    "lib/python3.8/site-packages/mccabe-0.6.1-py2.7.egg-info/entry_points.txt",
    "lib/python3.8/site-packages/mccabe-0.6.1-py2.7.egg-info/installed-files.txt",
    "lib/python3.8/site-packages/mccabe-0.6.1-py2.7.egg-info/not-zip-safe",
    "lib/python3.8/site-packages/mccabe-0.6.1-py2.7.egg-info/top_level.txt",
    "lib/python3.8/site-packages/mccabe.py",
    "lib/python3.8/site-packages/__pycache__/mccabe.cpython-38.pyc"
  ],
  "fn": "mccabe-0.6.1-py_1.tar.bz2",
  "license": "MIT",
  "license_family": "MIT",
  "link": {
    "source": "/opt/homebrew/anaconda3/pkgs/mccabe-0.6.1-py_1",
    "type": 1
  },
  "md5": "a326cb400c1ccd91789f3e7d02124d61",
  "name": "mccabe",
  "noarch": "python",
  "package_tarball_full_path": "/opt/homebrew/anaconda3/pkgs/mccabe-0.6.1-py_1.tar.bz2",
  "package_type": "noarch_python",
  "paths_data": {
    "paths": [
      {
        "_path": "site-packages/mccabe-0.6.1-py2.7.egg-info/PKG-INFO",
        "path_type": "hardlink",
        "sha256": "04c49d978d2d11cca92bf11daad64b4eaba3af04073b7f99775a5a8dfd11473b",
        "sha256_in_prefix": "04c49d978d2d11cca92bf11daad64b4eaba3af04073b7f99775a5a8dfd11473b",
        "size_in_bytes": 5593
      },
      {
        "_path": "site-packages/mccabe-0.6.1-py2.7.egg-info/SOURCES.txt",
        "path_type": "hardlink",
        "sha256": "70d96e663316f14036e3494adb221c4e7ba0ef7bad4a2c93b241fe02f64471f0",
        "sha256_in_prefix": "70d96e663316f14036e3494adb221c4e7ba0ef7bad4a2c93b241fe02f64471f0",
        "size_in_bytes": 256
      },
      {
        "_path": "site-packages/mccabe-0.6.1-py2.7.egg-info/dependency_links.txt",
        "path_type": "hardlink",
        "sha256": "01ba4719c80b6fe911b091a7c05124b64eeece964e09c058ef8f9805daca546b",
        "sha256_in_prefix": "01ba4719c80b6fe911b091a7c05124b64eeece964e09c058ef8f9805daca546b",
        "size_in_bytes": 1
      },
      {
        "_path": "site-packages/mccabe-0.6.1-py2.7.egg-info/entry_points.txt",
        "path_type": "hardlink",
        "sha256": "376347d7cd865d35324e6f2bf1732069d6fd0be0916b9754af593c382f75b861",
        "sha256_in_prefix": "376347d7cd865d35324e6f2bf1732069d6fd0be0916b9754af593c382f75b861",
        "size_in_bytes": 47
      },
      {
        "_path": "site-packages/mccabe-0.6.1-py2.7.egg-info/installed-files.txt",
        "path_type": "hardlink",
        "sha256": "b9bdc35b4328f7b87a22036e8ef8cdf95e592a1fefb6f9a7e196745cd4f1eb09",
        "sha256_in_prefix": "b9bdc35b4328f7b87a22036e8ef8cdf95e592a1fefb6f9a7e196745cd4f1eb09",
        "size_in_bytes": 113
      },
      {
        "_path": "site-packages/mccabe-0.6.1-py2.7.egg-info/not-zip-safe",
        "path_type": "hardlink",
        "sha256": "01ba4719c80b6fe911b091a7c05124b64eeece964e09c058ef8f9805daca546b",
        "sha256_in_prefix": "01ba4719c80b6fe911b091a7c05124b64eeece964e09c058ef8f9805daca546b",
        "size_in_bytes": 1
      },
      {
        "_path": "site-packages/mccabe-0.6.1-py2.7.egg-info/top_level.txt",
        "path_type": "hardlink",
        "sha256": "db5717baa644fa5a5c7c0aaa00dbd7f448c8d440f5a7ccdc562bf4eb8bb744a0",
        "sha256_in_prefix": "db5717baa644fa5a5c7c0aaa00dbd7f448c8d440f5a7ccdc562bf4eb8bb744a0",
        "size_in_bytes": 7
      },
      {
        "_path": "site-packages/mccabe.py",
        "path_type": "hardlink",
        "sha256": "5cf332c1d42c846ff99d28dc91bf8eccdaa7090b9742fcb71530a5b292b01900",
        "sha256_in_prefix": "5cf332c1d42c846ff99d28dc91bf8eccdaa7090b9742fcb71530a5b292b01900",
        "size_in_bytes": 10693
      },
      {
        "_path": "lib/python3.8/site-packages/__pycache__/mccabe.cpython-38.pyc",
        "path_type": "pyc_file"
      }
    ],
    "paths_version": 1
  },
  "requested_spec": "None",
  "sha256": "7244b23fff4404f381589f068f086cbf6fbffaaa5d0747270f3553db1e211cde",
  "size": 8574,
  "subdir": "noarch",
  "timestamp": 1531075365125,
  "track_features": "",
  "url": "https://conda.anaconda.org/conda-forge/noarch/mccabe-0.6.1-py_1.tar.bz2",
  "version": "0.6.1"
}