{
  "build": "py38h50d1736_5",
  "build_number": 5,
  "channel": "https://conda.anaconda.org/conda-forge/osx-64",
  "constrains": [],
  "depends": [
    "python >=3.8,<3.9.0a0",
    "python_abi 3.8.* *_cp38"
  ],
  "extracted_package_dir": "/opt/homebrew/anaconda3/pkgs/mypy_extensions-0.4.3-py38h50d1736_5",
  "features": "",
  "files": [
    "lib/python3.8/site-packages/__pycache__/mypy_extensions.cpython-38.pyc",
    "lib/python3.8/site-packages/mypy_extensions-0.4.3.dist-info/INSTALLER",
    "lib/python3.8/site-packages/mypy_extensions-0.4.3.dist-info/LICENSE",
    "lib/python3.8/site-packages/mypy_extensions-0.4.3.dist-info/METADATA",
    "lib/python3.8/site-packages/mypy_extensions-0.4.3.dist-info/RECORD",
    "lib/python3.8/site-packages/mypy_extensions-0.4.3.dist-info/REQUESTED",
    "lib/python3.8/site-packages/mypy_extensions-0.4.3.dist-info/WHEEL",
    "lib/python3.8/site-packages/mypy_extensions-0.4.3.dist-info/direct_url.json",
    "lib/python3.8/site-packages/mypy_extensions-0.4.3.dist-info/top_level.txt",
    "lib/python3.8/site-packages/mypy_extensions.py"
  ],
  "fn": "mypy_extensions-0.4.3-py38h50d1736_5.tar.bz2",
  "license": "MIT",
  "license_family": "MIT",
  "link": {
    "source": "/opt/homebrew/anaconda3/pkgs/mypy_extensions-0.4.3-py38h50d1736_5",
    "type": 1
  },
  "md5": "55ba94e0899a3365f526f1ca9f3d390c",
  "name": "mypy_extensions",
  "package_tarball_full_path": "/opt/homebrew/anaconda3/pkgs/mypy_extensions-0.4.3-py38h50d1736_5.tar.bz2",
  "paths_data": {
    "paths": [
      {
        "_path": "lib/python3.8/site-packages/__pycache__/mypy_extensions.cpython-38.pyc",
        "path_type": "hardlink",
        "sha256": "6abdcc13c224c59c92d93a6c50ddab6c3028a07d1cae838592caa8c76710b87a",
        "sha256_in_prefix": "6abdcc13c224c59c92d93a6c50ddab6c3028a07d1cae838592caa8c76710b87a",
        "size_in_bytes": 5464
      },
      {
        "_path": "lib/python3.8/site-packages/mypy_extensions-0.4.3.dist-info/INSTALLER",
        "path_type": "hardlink",
        "sha256": "d0edee15f91b406f3f99726e44eb990be6e34fd0345b52b910c568e0eef6a2a8",
        "sha256_in_prefix": "d0edee15f91b406f3f99726e44eb990be6e34fd0345b52b910c568e0eef6a2a8",
        "size_in_bytes": 5
      },
      {
        "_path": "lib/python3.8/site-packages/mypy_extensions-0.4.3.dist-info/LICENSE",
        "path_type": "hardlink",
        "sha256": "a50450da1d53cd777b80ced77c58ff96abe0ccd879706bd142c3ec20e245f0b4",
        "sha256_in_prefix": "a50450da1d53cd777b80ced77c58ff96abe0ccd879706bd142c3ec20e245f0b4",
        "size_in_bytes": 1204
      },
      {
        "_path": "lib/python3.8/site-packages/mypy_extensions-0.4.3.dist-info/METADATA",
        "path_type": "hardlink",
        "sha256": "563a8ae98b5f20e6fdb2769e4c5701df4225d7236a8454aafc4b1e2364659e40",
        "sha256_in_prefix": "563a8ae98b5f20e6fdb2769e4c5701df4225d7236a8454aafc4b1e2364659e40",
        "size_in_bytes": 1177
      },
      {
        "_path": "lib/python3.8/site-packages/mypy_extensions-0.4.3.dist-info/RECORD",
        "path_type": "hardlink",
        "sha256": "2e907c50be3e2d8b3fce93d18a993ead7613a7634b0fb5faea0f1fdbf95c82fc",
        "sha256_in_prefix": "2e907c50be3e2d8b3fce93d18a993ead7613a7634b0fb5faea0f1fdbf95c82fc",
        "size_in_bytes": 850
      },
      {
        "_path": "lib/python3.8/site-packages/mypy_extensions-0.4.3.dist-info/REQUESTED",
        "path_type": "hardlink",
        "sha256": "e3b0c44298fc1c149afbf4c8996fb92427ae41e4649b934ca495991b7852b855",
        "sha256_in_prefix": "e3b0c44298fc1c149afbf4c8996fb92427ae41e4649b934ca495991b7852b855",
        "size_in_bytes": 0
      },
      {
        "_path": "lib/python3.8/site-packages/mypy_extensions-0.4.3.dist-info/WHEEL",
        "path_type": "hardlink",
        "sha256": "cfd8f4c406bf26650a3299b3ef62b464600b48cfe7fb04159866e5797c765478",
        "sha256_in_prefix": "cfd8f4c406bf26650a3299b3ef62b464600b48cfe7fb04159866e5797c765478",
        "size_in_bytes": 110
      },
      {
        "_path": "lib/python3.8/site-packages/mypy_extensions-0.4.3.dist-info/direct_url.json",
        "path_type": "hardlink",
        "sha256": "63a1d3c235994feb0c6d135eb548a9cc83677e7e6ab30ccd3d967c5914c719e6",
        "sha256_in_prefix": "63a1d3c235994feb0c6d135eb548a9cc83677e7e6ab30ccd3d967c5914c719e6",
        "size_in_bytes": 103
      },
      {
        "_path": "lib/python3.8/site-packages/mypy_extensions-0.4.3.dist-info/top_level.txt",
        "path_type": "hardlink",
        "sha256": "4e5967196a83a053212b24e25fda5ea05d550b5c269118082c775e6e7b9b11bf",
        "sha256_in_prefix": "4e5967196a83a053212b24e25fda5ea05d550b5c269118082c775e6e7b9b11bf",
        "size_in_bytes": 16
      },
      {
        "_path": "lib/python3.8/site-packages/mypy_extensions.py",
        "path_type": "hardlink",
        "sha256": "ceec251d13ed0cf2efce842ff7e152af2a0b28090a683229bb5e3e8ecda01ce1",
        "sha256_in_prefix": "ceec251d13ed0cf2efce842ff7e152af2a0b28090a683229bb5e3e8ecda01ce1",
        "size_in_bytes": 5078
      }
    ],
    "paths_version": 1
  },
  "requested_spec": "None",
  "sha256": "a28fbef2f2b559147a36027924dac478e230113c6ed515a73ba8dbafa196e910",
  "size": 10730,
  "subdir": "osx-64",
  "timestamp": 1649013534607,
  "track_features": "",
  "url": "https://conda.anaconda.org/conda-forge/osx-64/mypy_extensions-0.4.3-py38h50d1736_5.tar.bz2",
  "version": "0.4.3"
}