{
  "build": "pyhd8ed1ab_0",
  "build_number": 0,
  "channel": "https://conda.anaconda.org/conda-forge/noarch",
  "constrains": [],
  "depends": [
    "python >=2.7,!=3.0.*,!=3.1.*,!=3.2.*,!=3.3.*,!=3.4.*"
  ],
  "extracted_package_dir": "/opt/homebrew/anaconda3/pkgs/pathspec-0.9.0-pyhd8ed1ab_0",
  "features": "",
  "files": [
    "lib/python3.8/site-packages/pathspec-0.9.0.dist-info/INSTALLER",
    "lib/python3.8/site-packages/pathspec-0.9.0.dist-info/LICENSE",
    "lib/python3.8/site-packages/pathspec-0.9.0.dist-info/METADATA",
    "lib/python3.8/site-packages/pathspec-0.9.0.dist-info/RECORD",
    "lib/python3.8/site-packages/pathspec-0.9.0.dist-info/REQUESTED",
    "lib/python3.8/site-packages/pathspec-0.9.0.dist-info/WHEEL",
    "lib/python3.8/site-packages/pathspec-0.9.0.dist-info/direct_url.json",
    "lib/python3.8/site-packages/pathspec-0.9.0.dist-info/top_level.txt",
    "lib/python3.8/site-packages/pathspec/__init__.py",
    "lib/python3.8/site-packages/pathspec/_meta.py",
    "lib/python3.8/site-packages/pathspec/compat.py",
    "lib/python3.8/site-packages/pathspec/pathspec.py",
    "lib/python3.8/site-packages/pathspec/pattern.py",
    "lib/python3.8/site-packages/pathspec/patterns/__init__.py",
    "lib/python3.8/site-packages/pathspec/patterns/gitwildmatch.py",
    "lib/python3.8/site-packages/pathspec/tests/__init__.py",
    "lib/python3.8/site-packages/pathspec/tests/test_gitwildmatch.py",
    "lib/python3.8/site-packages/pathspec/tests/test_pathspec.py",
    "lib/python3.8/site-packages/pathspec/tests/test_util.py",
    "lib/python3.8/site-packages/pathspec/util.py",
    "lib/python3.8/site-packages/pathspec/__pycache__/__init__.cpython-38.pyc",
    "lib/python3.8/site-packages/pathspec/__pycache__/_meta.cpython-38.pyc",
    "lib/python3.8/site-packages/pathspec/__pycache__/compat.cpython-38.pyc",
    "lib/python3.8/site-packages/pathspec/__pycache__/pathspec.cpython-38.pyc",
    "lib/python3.8/site-packages/pathspec/__pycache__/pattern.cpython-38.pyc",
    "lib/python3.8/site-packages/pathspec/patterns/__pycache__/__init__.cpython-38.pyc",
    "lib/python3.8/site-packages/pathspec/patterns/__pycache__/gitwildmatch.cpython-38.pyc",
    "lib/python3.8/site-packages/pathspec/tests/__pycache__/__init__.cpython-38.pyc",
    "lib/python3.8/site-packages/pathspec/tests/__pycache__/test_gitwildmatch.cpython-38.pyc",
    "lib/python3.8/site-packages/pathspec/tests/__pycache__/test_pathspec.cpython-38.pyc",
    "lib/python3.8/site-packages/pathspec/tests/__pycache__/test_util.cpython-38.pyc",
    "lib/python3.8/site-packages/pathspec/__pycache__/util.cpython-38.pyc"
  ],
  "fn": "pathspec-0.9.0-pyhd8ed1ab_0.tar.bz2",
  "license": "MPL-2.0",
  "license_family": "MOZILLA",
  "link": {
    "source": "/opt/homebrew/anaconda3/pkgs/pathspec-0.9.0-pyhd8ed1ab_0",
    "type": 1
  },
  "md5": "f93dc0ccbc0a8472624165f6e256c7d1",
  "name": "pathspec",
  "noarch": "python",
  "package_tarball_full_path": "/opt/homebrew/anaconda3/pkgs/pathspec-0.9.0-pyhd8ed1ab_0.tar.bz2",
  "package_type": "noarch_python",
  "paths_data": {
    "paths": [
      {
        "_path": "site-packages/pathspec-0.9.0.dist-info/INSTALLER",
        "path_type": "hardlink",
        "sha256": "d0edee15f91b406f3f99726e44eb990be6e34fd0345b52b910c568e0eef6a2a8",
        "sha256_in_prefix": "d0edee15f91b406f3f99726e44eb990be6e34fd0345b52b910c568e0eef6a2a8",
        "size_in_bytes": 5
      },
      {
        "_path": "site-packages/pathspec-0.9.0.dist-info/LICENSE",
        "path_type": "hardlink",
        "sha256": "fab3dd6bdab226f1c08630b1dd917e11fcb4ec5e1e020e2c16f83a0a13863e85",
        "sha256_in_prefix": "fab3dd6bdab226f1c08630b1dd917e11fcb4ec5e1e020e2c16f83a0a13863e85",
        "size_in_bytes": 16726
      },
      {
        "_path": "site-packages/pathspec-0.9.0.dist-info/METADATA",
        "path_type": "hardlink",
        "sha256": "9e618e16cee00cef6299f40e8c33f6321bbe357d712b60e80efe01ec3dfb0fcd",
        "sha256_in_prefix": "9e618e16cee00cef6299f40e8c33f6321bbe357d712b60e80efe01ec3dfb0fcd",
        "size_in_bytes": 12141
      },
      {
        "_path": "site-packages/pathspec-0.9.0.dist-info/RECORD",
        "path_type": "hardlink",
        "sha256": "90445737a3bc59715b1d1d008a4baab4c62ca1eeb1c01411940e38b03416bc4f",
        "sha256_in_prefix": "90445737a3bc59715b1d1d008a4baab4c62ca1eeb1c01411940e38b03416bc4f",
        "size_in_bytes": 2285
      },
      {
        "_path": "site-packages/pathspec-0.9.0.dist-info/REQUESTED",
        "path_type": "hardlink",
        "sha256": "e3b0c44298fc1c149afbf4c8996fb92427ae41e4649b934ca495991b7852b855",
        "sha256_in_prefix": "e3b0c44298fc1c149afbf4c8996fb92427ae41e4649b934ca495991b7852b855",
        "size_in_bytes": 0
      },
      {
        "_path": "site-packages/pathspec-0.9.0.dist-info/WHEEL",
        "path_type": "hardlink",
        "sha256": "67e9f2629c2b712ab17ddbb1e4c6e7fc3439db988fec9d831b72601af398c934",
        "sha256_in_prefix": "67e9f2629c2b712ab17ddbb1e4c6e7fc3439db988fec9d831b72601af398c934",
        "size_in_bytes": 110
      },
      {
        "_path": "site-packages/pathspec-0.9.0.dist-info/direct_url.json",
        "path_type": "hardlink",
        "sha256": "d7d544140c7bf92bc368ad022f0c02ee1431684abae520196b8ab5985db72271",
        "sha256_in_prefix": "d7d544140c7bf92bc368ad022f0c02ee1431684abae520196b8ab5985db72271",
        "size_in_bytes": 104
      },
      {
        "_path": "site-packages/pathspec-0.9.0.dist-info/top_level.txt",
        "path_type": "hardlink",
        "sha256": "d0d03a21b5ba882519e29e34d88452c99a6fc78caaa25b47ccca00c554072353",
        "sha256_in_prefix": "d0d03a21b5ba882519e29e34d88452c99a6fc78caaa25b47ccca00c554072353",
        "size_in_bytes": 9
      },
      {
        "_path": "site-packages/pathspec/__init__.py",
        "path_type": "hardlink",
        "sha256": "ef659cf47ffec516a2b206e7cf7a4d7fc6c926516ee993f730c11856f948a309",
        "sha256_in_prefix": "ef659cf47ffec516a2b206e7cf7a4d7fc6c926516ee993f730c11856f948a309",
        "size_in_bytes": 1085
      },
      {
        "_path": "site-packages/pathspec/_meta.py",
        "path_type": "hardlink",
        "sha256": "332393098dbc37514e23184f4013715de8bda22404bf35484abc27c822006fed",
        "sha256_in_prefix": "332393098dbc37514e23184f4013715de8bda22404bf35484abc27c822006fed",
        "size_in_bytes": 1617
      },
      {
        "_path": "site-packages/pathspec/compat.py",
        "path_type": "hardlink",
        "sha256": "1b4fd04f73519454dcad5d5b871f46d6a22f05d9a769687e7f856b7295f37e17",
        "sha256_in_prefix": "1b4fd04f73519454dcad5d5b871f46d6a22f05d9a769687e7f856b7295f37e17",
        "size_in_bytes": 830
      },
      {
        "_path": "site-packages/pathspec/pathspec.py",
        "path_type": "hardlink",
        "sha256": "27696b86f4f58aa919e6b4ab4ef3043a3b8b064773976415664258588a0c566c",
        "sha256_in_prefix": "27696b86f4f58aa919e6b4ab4ef3043a3b8b064773976415664258588a0c566c",
        "size_in_bytes": 8048
      },
      {
        "_path": "site-packages/pathspec/pattern.py",
        "path_type": "hardlink",
        "sha256": "b1606e1c93670ca6bab6aa4a539d197825185d290acf67563cbb521e92323f95",
        "sha256_in_prefix": "b1606e1c93670ca6bab6aa4a539d197825185d290acf67563cbb521e92323f95",
        "size_in_bytes": 4811
      },
      {
        "_path": "site-packages/pathspec/patterns/__init__.py",
        "path_type": "hardlink",
        "sha256": "15a96ff6bcc8d12f928dcfadfaf092f6750f70ac01a6d99d35d7ab63d2a8939d",
        "sha256_in_prefix": "15a96ff6bcc8d12f928dcfadfaf092f6750f70ac01a6d99d35d7ab63d2a8939d",
        "size_in_bytes": 184
      },
      {
        "_path": "site-packages/pathspec/patterns/gitwildmatch.py",
        "path_type": "hardlink",
        "sha256": "373acdec8a85bc9253df1ee371720c64199e585ea7d270e350ca0f5a91a6bd9b",
        "sha256_in_prefix": "373acdec8a85bc9253df1ee371720c64199e585ea7d270e350ca0f5a91a6bd9b",
        "size_in_bytes": 11899
      },
      {
        "_path": "site-packages/pathspec/tests/__init__.py",
        "path_type": "hardlink",
        "sha256": "e3b0c44298fc1c149afbf4c8996fb92427ae41e4649b934ca495991b7852b855",
        "sha256_in_prefix": "e3b0c44298fc1c149afbf4c8996fb92427ae41e4649b934ca495991b7852b855",
        "size_in_bytes": 0
      },
      {
        "_path": "site-packages/pathspec/tests/test_gitwildmatch.py",
        "path_type": "hardlink",
        "sha256": "9bd6b9f9d275f8c5d9f92573722dc9aad1d285f10fdedcbe91a60c9151964bd5",
        "sha256_in_prefix": "9bd6b9f9d275f8c5d9f92573722dc9aad1d285f10fdedcbe91a60c9151964bd5",
        "size_in_bytes": 15160
      },
      {
        "_path": "site-packages/pathspec/tests/test_pathspec.py",
        "path_type": "hardlink",
        "sha256": "501fda1132294f1a6e7a2efdcc8dbf91b8c8d979ccdad17fc5340e143e0860bf",
        "sha256_in_prefix": "501fda1132294f1a6e7a2efdcc8dbf91b8c8d979ccdad17fc5340e143e0860bf",
        "size_in_bytes": 4845
      },
      {
        "_path": "site-packages/pathspec/tests/test_util.py",
        "path_type": "hardlink",
        "sha256": "223bc36ca63212740e69ad3b79bc7ea83e1b6fe6054a6dea9b43c4f9584a51ad",
        "sha256_in_prefix": "223bc36ca63212740e69ad3b79bc7ea83e1b6fe6054a6dea9b43c4f9584a51ad",
        "size_in_bytes": 7906
      },
      {
        "_path": "site-packages/pathspec/util.py",
        "path_type": "hardlink",
        "sha256": "5dacaec4ebc4d0b693643c9f7e1a5e97ed5ec35fcc3ff15309ea978f43370bc2",
        "sha256_in_prefix": "5dacaec4ebc4d0b693643c9f7e1a5e97ed5ec35fcc3ff15309ea978f43370bc2",
        "size_in_bytes": 19889
      },
      {
        "_path": "lib/python3.8/site-packages/pathspec/__pycache__/__init__.cpython-38.pyc",
        "path_type": "pyc_file"
      },
      {
        "_path": "lib/python3.8/site-packages/pathspec/__pycache__/_meta.cpython-38.pyc",
        "path_type": "pyc_file"
      },
      {
        "_path": "lib/python3.8/site-packages/pathspec/__pycache__/compat.cpython-38.pyc",
        "path_type": "pyc_file"
      },
      {
        "_path": "lib/python3.8/site-packages/pathspec/__pycache__/pathspec.cpython-38.pyc",
        "path_type": "pyc_file"
      },
      {
        "_path": "lib/python3.8/site-packages/pathspec/__pycache__/pattern.cpython-38.pyc",
        "path_type": "pyc_file"
      },
      {
        "_path": "lib/python3.8/site-packages/pathspec/patterns/__pycache__/__init__.cpython-38.pyc",
        "path_type": "pyc_file"
      },
      {
        "_path": "lib/python3.8/site-packages/pathspec/patterns/__pycache__/gitwildmatch.cpython-38.pyc",
        "path_type": "pyc_file"
      },
      {
        "_path": "lib/python3.8/site-packages/pathspec/tests/__pycache__/__init__.cpython-38.pyc",
        "path_type": "pyc_file"
      },
      {
        "_path": "lib/python3.8/site-packages/pathspec/tests/__pycache__/test_gitwildmatch.cpython-38.pyc",
        "path_type": "pyc_file"
      },
      {
        "_path": "lib/python3.8/site-packages/pathspec/tests/__pycache__/test_pathspec.cpython-38.pyc",
        "path_type": "pyc_file"
      },
      {
        "_path": "lib/python3.8/site-packages/pathspec/tests/__pycache__/test_util.cpython-38.pyc",
        "path_type": "pyc_file"
      },
      {
        "_path": "lib/python3.8/site-packages/pathspec/__pycache__/util.cpython-38.pyc",
        "path_type": "pyc_file"
      }
    ],
    "paths_version": 1
  },
  "requested_spec": "None",
  "sha256": "80f6a7f92de6f341b80316fc7206c0e48807bcb1eb5612d68d32de8755082fc7",
  "size": 31332,
  "subdir": "noarch",
  "timestamp": 1626613834137,
  "track_features": "",
  "url": "https://conda.anaconda.org/conda-forge/noarch/pathspec-0.9.0-pyhd8ed1ab_0.tar.bz2",
  "version": "0.9.0"
}