{
  "build": "py38h50d1736_3",
  "build_number": 3,
  "channel": "https://conda.anaconda.org/conda-forge/osx-64",
  "constrains": [],
  "depends": [
    "python >=3.8,<3.9.0a0",
    "python_abi 3.8.* *_cp38"
  ],
  "extracted_package_dir": "/opt/homebrew/anaconda3/pkgs/pluggy-1.0.0-py38h50d1736_3",
  "features": "",
  "files": [
    "lib/python3.8/site-packages/pluggy-1.0.0.dist-info/INSTALLER",
    "lib/python3.8/site-packages/pluggy-1.0.0.dist-info/LICENSE",
    "lib/python3.8/site-packages/pluggy-1.0.0.dist-info/METADATA",
    "lib/python3.8/site-packages/pluggy-1.0.0.dist-info/RECORD",
    "lib/python3.8/site-packages/pluggy-1.0.0.dist-info/REQUESTED",
    "lib/python3.8/site-packages/pluggy-1.0.0.dist-info/WHEEL",
    "lib/python3.8/site-packages/pluggy-1.0.0.dist-info/direct_url.json",
    "lib/python3.8/site-packages/pluggy-1.0.0.dist-info/top_level.txt",
    "lib/python3.8/site-packages/pluggy/__init__.py",
    "lib/python3.8/site-packages/pluggy/__pycache__/__init__.cpython-38.pyc",
    "lib/python3.8/site-packages/pluggy/__pycache__/_callers.cpython-38.pyc",
    "lib/python3.8/site-packages/pluggy/__pycache__/_hooks.cpython-38.pyc",
    "lib/python3.8/site-packages/pluggy/__pycache__/_manager.cpython-38.pyc",
    "lib/python3.8/site-packages/pluggy/__pycache__/_result.cpython-38.pyc",
    "lib/python3.8/site-packages/pluggy/__pycache__/_tracing.cpython-38.pyc",
    "lib/python3.8/site-packages/pluggy/__pycache__/_version.cpython-38.pyc",
    "lib/python3.8/site-packages/pluggy/_callers.py",
    "lib/python3.8/site-packages/pluggy/_hooks.py",
    "lib/python3.8/site-packages/pluggy/_manager.py",
    "lib/python3.8/site-packages/pluggy/_result.py",
    "lib/python3.8/site-packages/pluggy/_tracing.py",
    "lib/python3.8/site-packages/pluggy/_version.py"
  ],
  "fn": "pluggy-1.0.0-py38h50d1736_3.tar.bz2",
  "license": "MIT",
  "license_family": "MIT",
  "link": {
    "source": "/opt/homebrew/anaconda3/pkgs/pluggy-1.0.0-py38h50d1736_3",
    "type": 1
  },
  "md5": "49de2850464c426eec1959b97858ec58",
  "name": "pluggy",
  "package_tarball_full_path": "/opt/homebrew/anaconda3/pkgs/pluggy-1.0.0-py38h50d1736_3.tar.bz2",
  "paths_data": {
    "paths": [
      {
        "_path": "lib/python3.8/site-packages/pluggy-1.0.0.dist-info/INSTALLER",
        "path_type": "hardlink",
        "sha256": "d0edee15f91b406f3f99726e44eb990be6e34fd0345b52b910c568e0eef6a2a8",
        "sha256_in_prefix": "d0edee15f91b406f3f99726e44eb990be6e34fd0345b52b910c568e0eef6a2a8",
        "size_in_bytes": 5
      },
      {
        "_path": "lib/python3.8/site-packages/pluggy-1.0.0.dist-info/LICENSE",
        "path_type": "hardlink",
        "sha256": "d6b65e6c213a5d0b577911d34d6e5949b9f59d76c238c5071a2f3fc16cfb2606",
        "sha256_in_prefix": "d6b65e6c213a5d0b577911d34d6e5949b9f59d76c238c5071a2f3fc16cfb2606",
        "size_in_bytes": 1110
      },
      {
        "_path": "lib/python3.8/site-packages/pluggy-1.0.0.dist-info/METADATA",
        "path_type": "hardlink",
        "sha256": "4390fbb88db556b10e3dbe970f470ce2f635664a6dc9bda2388638dcc1dfc172",
        "sha256_in_prefix": "4390fbb88db556b10e3dbe970f470ce2f635664a6dc9bda2388638dcc1dfc172",
        "size_in_bytes": 4345
      },
      {
        "_path": "lib/python3.8/site-packages/pluggy-1.0.0.dist-info/RECORD",
        "path_type": "hardlink",
        "sha256": "18ba01c23d99f7ba9116fcfa17618e8e6661fab53a1b2d24d005ad5153273ee5",
        "sha256_in_prefix": "18ba01c23d99f7ba9116fcfa17618e8e6661fab53a1b2d24d005ad5153273ee5",
        "size_in_bytes": 1502
      },
      {
        "_path": "lib/python3.8/site-packages/pluggy-1.0.0.dist-info/REQUESTED",
        "path_type": "hardlink",
        "sha256": "e3b0c44298fc1c149afbf4c8996fb92427ae41e4649b934ca495991b7852b855",
        "sha256_in_prefix": "e3b0c44298fc1c149afbf4c8996fb92427ae41e4649b934ca495991b7852b855",
        "size_in_bytes": 0
      },
      {
        "_path": "lib/python3.8/site-packages/pluggy-1.0.0.dist-info/WHEEL",
        "path_type": "hardlink",
        "sha256": "cfd8f4c406bf26650a3299b3ef62b464600b48cfe7fb04159866e5797c765478",
        "sha256_in_prefix": "cfd8f4c406bf26650a3299b3ef62b464600b48cfe7fb04159866e5797c765478",
        "size_in_bytes": 110
      },
      {
        "_path": "lib/python3.8/site-packages/pluggy-1.0.0.dist-info/direct_url.json",
        "path_type": "hardlink",
        "sha256": "df01da9e17591e1afc3f10763ce331630e5ae45372c722698fe9b337ad75d59e",
        "sha256_in_prefix": "df01da9e17591e1afc3f10763ce331630e5ae45372c722698fe9b337ad75d59e",
        "size_in_bytes": 94
      },
      {
        "_path": "lib/python3.8/site-packages/pluggy-1.0.0.dist-info/top_level.txt",
        "path_type": "hardlink",
        "sha256": "c4a4824616a2faff4c724bccb96a8dcf5e9cd6d6ec98e820a0c4b04e07296071",
        "sha256_in_prefix": "c4a4824616a2faff4c724bccb96a8dcf5e9cd6d6ec98e820a0c4b04e07296071",
        "size_in_bytes": 7
      },
      {
        "_path": "lib/python3.8/site-packages/pluggy/__init__.py",
        "path_type": "hardlink",
        "sha256": "e3f8e336d0e79f1e817b0603278a85664717e25e099f40771ea3ad76c010bd41",
        "sha256_in_prefix": "e3f8e336d0e79f1e817b0603278a85664717e25e099f40771ea3ad76c010bd41",
        "size_in_bytes": 489
      },
      {
        "_path": "lib/python3.8/site-packages/pluggy/__pycache__/__init__.cpython-38.pyc",
        "path_type": "hardlink",
        "sha256": "21a356ab401ae8323345b0c023ee1330b8beaac4c0c20db393c95d86d08abba4",
        "sha256_in_prefix": "21a356ab401ae8323345b0c023ee1330b8beaac4c0c20db393c95d86d08abba4",
        "size_in_bytes": 502
      },
      {
        "_path": "lib/python3.8/site-packages/pluggy/__pycache__/_callers.cpython-38.pyc",
        "path_type": "hardlink",
        "sha256": "7c844c942d7d879226c406cbf9fc8a0ffd06c818e6f0f35ac2df84f155a4cbd6",
        "sha256_in_prefix": "7c844c942d7d879226c406cbf9fc8a0ffd06c818e6f0f35ac2df84f155a4cbd6",
        "size_in_bytes": 1494
      },
      {
        "_path": "lib/python3.8/site-packages/pluggy/__pycache__/_hooks.cpython-38.pyc",
        "path_type": "hardlink",
        "sha256": "f8544f1223fcc406e093f1c7720c07b8803605d5805831b59c83865f00995d68",
        "sha256_in_prefix": "f8544f1223fcc406e093f1c7720c07b8803605d5805831b59c83865f00995d68",
        "size_in_bytes": 11015
      },
      {
        "_path": "lib/python3.8/site-packages/pluggy/__pycache__/_manager.cpython-38.pyc",
        "path_type": "hardlink",
        "sha256": "dff1e5d4b218cab3d1e1e2508395c51ad247b1953b505816bb59a3603eb3c4bd",
        "sha256_in_prefix": "dff1e5d4b218cab3d1e1e2508395c51ad247b1953b505816bb59a3603eb3c4bd",
        "size_in_bytes": 13881
      },
      {
        "_path": "lib/python3.8/site-packages/pluggy/__pycache__/_result.cpython-38.pyc",
        "path_type": "hardlink",
        "sha256": "7fdacbc0ac2ae0ab0974fbe813bf264e53a33487bcb4b5419bc982be2fb3a469",
        "sha256_in_prefix": "7fdacbc0ac2ae0ab0974fbe813bf264e53a33487bcb4b5419bc982be2fb3a469",
        "size_in_bytes": 2158
      },
      {
        "_path": "lib/python3.8/site-packages/pluggy/__pycache__/_tracing.cpython-38.pyc",
        "path_type": "hardlink",
        "sha256": "3774257effda3aa30239f26f40f688b3230961da8eb80fd36e3b16309bf5f3fc",
        "sha256_in_prefix": "3774257effda3aa30239f26f40f688b3230961da8eb80fd36e3b16309bf5f3fc",
        "size_in_bytes": 2308
      },
      {
        "_path": "lib/python3.8/site-packages/pluggy/__pycache__/_version.cpython-38.pyc",
        "path_type": "hardlink",
        "sha256": "f4a227e5288424c117b4ae4f328ec0d89bbc8c1fcc4aa0cdb8727b8b3ca46acf",
        "sha256_in_prefix": "f4a227e5288424c117b4ae4f328ec0d89bbc8c1fcc4aa0cdb8727b8b3ca46acf",
        "size_in_bytes": 192
      },
      {
        "_path": "lib/python3.8/site-packages/pluggy/_callers.py",
        "path_type": "hardlink",
        "sha256": "96ad8a3576b384aafe285fc624fc38bec636107c10e4e376752899502b5a790c",
        "sha256_in_prefix": "96ad8a3576b384aafe285fc624fc38bec636107c10e4e376752899502b5a790c",
        "size_in_bytes": 2097
      },
      {
        "_path": "lib/python3.8/site-packages/pluggy/_hooks.py",
        "path_type": "hardlink",
        "sha256": "3903e7aafec9eee7cb6554122021e9370e006167570f04d57de6022ff644c113",
        "sha256_in_prefix": "3903e7aafec9eee7cb6554122021e9370e006167570f04d57de6022ff644c113",
        "size_in_bytes": 11496
      },
      {
        "_path": "lib/python3.8/site-packages/pluggy/_manager.py",
        "path_type": "hardlink",
        "sha256": "98a42788daa3fcb3edb77e6be9d10b6d13eba84759fe23cbe95745cb1efdf3ba",
        "sha256_in_prefix": "98a42788daa3fcb3edb77e6be9d10b6d13eba84759fe23cbe95745cb1efdf3ba",
        "size_in_bytes": 14752
      },
      {
        "_path": "lib/python3.8/site-packages/pluggy/_result.py",
        "path_type": "hardlink",
        "sha256": "b0b4cbd37e1003749f91ef29b5a75492fa165b9890d4fbf3ca80bfec5d9e41f8",
        "sha256_in_prefix": "b0b4cbd37e1003749f91ef29b5a75492fa165b9890d4fbf3ca80bfec5d9e41f8",
        "size_in_bytes": 1535
      },
      {
        "_path": "lib/python3.8/site-packages/pluggy/_tracing.py",
        "path_type": "hardlink",
        "sha256": "c52bf8575a54fe293ca550a9a1b4c7f209e30770d0e228a7837b6ff9b0ee1ed0",
        "sha256_in_prefix": "c52bf8575a54fe293ca550a9a1b4c7f209e30770d0e228a7837b6ff9b0ee1ed0",
        "size_in_bytes": 1541
      },
      {
        "_path": "lib/python3.8/site-packages/pluggy/_version.py",
        "path_type": "hardlink",
        "sha256": "6038691405e0bf7edc998d69667f2440d71800ec23f3cdc185602da1ace2486e",
        "sha256_in_prefix": "6038691405e0bf7edc998d69667f2440d71800ec23f3cdc185602da1ace2486e",
        "size_in_bytes": 142
      }
    ],
    "paths_version": 1
  },
  "requested_spec": "None",
  "sha256": "aad982fd43a2df98c482dad64e97c553c1984ccadfe99459f27b787da472c004",
  "size": 25687,
  "subdir": "osx-64",
  "timestamp": 1648773014202,
  "track_features": "",
  "url": "https://conda.anaconda.org/conda-forge/osx-64/pluggy-1.0.0-py38h50d1736_3.tar.bz2",
  "version": "1.0.0"
}