{
  "build": "pyhd8ed1ab_0",
  "build_number": 0,
  "channel": "https://conda.anaconda.org/conda-forge/noarch",
  "constrains": [],
  "depends": [
    "astroid >=2.9.0,<2.10",
    "colorama",
    "isort >=4.2.5,<6",
    "mccabe >=0.6,<0.7",
    "platformdirs >=2.2.0",
    "python >=3.6.2,<4",
    "toml >=0.9.2",
    "typing_extensions >=3.10"
  ],
  "extracted_package_dir": "/opt/homebrew/anaconda3/pkgs/pylint-2.12.2-pyhd8ed1ab_0",
  "features": "",
  "files": [
    "lib/python3.8/site-packages/pylint-2.12.2.dist-info/CONTRIBUTORS.txt",
    "lib/python3.8/site-packages/pylint-2.12.2.dist-info/INSTALLER",
    "lib/python3.8/site-packages/pylint-2.12.2.dist-info/LICENSE",
    "lib/python3.8/site-packages/pylint-2.12.2.dist-info/METADATA",
    "lib/python3.8/site-packages/pylint-2.12.2.dist-info/RECORD",
    "lib/python3.8/site-packages/pylint-2.12.2.dist-info/REQUESTED",
    "lib/python3.8/site-packages/pylint-2.12.2.dist-info/WHEEL",
    "lib/python3.8/site-packages/pylint-2.12.2.dist-info/direct_url.json",
    "lib/python3.8/site-packages/pylint-2.12.2.dist-info/entry_points.txt",
    "lib/python3.8/site-packages/pylint-2.12.2.dist-info/top_level.txt",
    "lib/python3.8/site-packages/pylint/__init__.py",
    "lib/python3.8/site-packages/pylint/__main__.py",
    "lib/python3.8/site-packages/pylint/__pkginfo__.py",
    "lib/python3.8/site-packages/pylint/checkers/__init__.py",
    "lib/python3.8/site-packages/pylint/checkers/async.py",
    "lib/python3.8/site-packages/pylint/checkers/base.py",
    "lib/python3.8/site-packages/pylint/checkers/base_checker.py",
    "lib/python3.8/site-packages/pylint/checkers/classes.py",
    "lib/python3.8/site-packages/pylint/checkers/deprecated.py",
    "lib/python3.8/site-packages/pylint/checkers/design_analysis.py",
    "lib/python3.8/site-packages/pylint/checkers/exceptions.py",
    "lib/python3.8/site-packages/pylint/checkers/format.py",
    "lib/python3.8/site-packages/pylint/checkers/imports.py",
    "lib/python3.8/site-packages/pylint/checkers/logging.py",
    "lib/python3.8/site-packages/pylint/checkers/mapreduce_checker.py",
    "lib/python3.8/site-packages/pylint/checkers/misc.py",
    "lib/python3.8/site-packages/pylint/checkers/newstyle.py",
    "lib/python3.8/site-packages/pylint/checkers/raw_metrics.py",
    "lib/python3.8/site-packages/pylint/checkers/refactoring/__init__.py",
    "lib/python3.8/site-packages/pylint/checkers/refactoring/implicit_booleaness_checker.py",
    "lib/python3.8/site-packages/pylint/checkers/refactoring/not_checker.py",
    "lib/python3.8/site-packages/pylint/checkers/refactoring/recommendation_checker.py",
    "lib/python3.8/site-packages/pylint/checkers/refactoring/refactoring_checker.py",
    "lib/python3.8/site-packages/pylint/checkers/similar.py",
    "lib/python3.8/site-packages/pylint/checkers/spelling.py",
    "lib/python3.8/site-packages/pylint/checkers/stdlib.py",
    "lib/python3.8/site-packages/pylint/checkers/strings.py",
    "lib/python3.8/site-packages/pylint/checkers/threading_checker.py",
    "lib/python3.8/site-packages/pylint/checkers/typecheck.py",
    "lib/python3.8/site-packages/pylint/checkers/unsupported_version.py",
    "lib/python3.8/site-packages/pylint/checkers/utils.py",
    "lib/python3.8/site-packages/pylint/checkers/variables.py",
    "lib/python3.8/site-packages/pylint/config/__init__.py",
    "lib/python3.8/site-packages/pylint/config/configuration_mixin.py",
    "lib/python3.8/site-packages/pylint/config/find_default_config_files.py",
    "lib/python3.8/site-packages/pylint/config/man_help_formatter.py",
    "lib/python3.8/site-packages/pylint/config/option.py",
    "lib/python3.8/site-packages/pylint/config/option_manager_mixin.py",
    "lib/python3.8/site-packages/pylint/config/option_parser.py",
    "lib/python3.8/site-packages/pylint/config/options_provider_mixin.py",
    "lib/python3.8/site-packages/pylint/constants.py",
    "lib/python3.8/site-packages/pylint/epylint.py",
    "lib/python3.8/site-packages/pylint/exceptions.py",
    "lib/python3.8/site-packages/pylint/extensions/__init__.py",
    "lib/python3.8/site-packages/pylint/extensions/_check_docs_utils.py",
    "lib/python3.8/site-packages/pylint/extensions/bad_builtin.py",
    "lib/python3.8/site-packages/pylint/extensions/broad_try_clause.py",
    "lib/python3.8/site-packages/pylint/extensions/check_docs.py",
    "lib/python3.8/site-packages/pylint/extensions/check_elif.py",
    "lib/python3.8/site-packages/pylint/extensions/code_style.py",
    "lib/python3.8/site-packages/pylint/extensions/comparetozero.py",
    "lib/python3.8/site-packages/pylint/extensions/comparison_placement.py",
    "lib/python3.8/site-packages/pylint/extensions/confusing_elif.py",
    "lib/python3.8/site-packages/pylint/extensions/consider_ternary_expression.py",
    "lib/python3.8/site-packages/pylint/extensions/docparams.py",
    "lib/python3.8/site-packages/pylint/extensions/docstyle.py",
    "lib/python3.8/site-packages/pylint/extensions/empty_comment.py",
    "lib/python3.8/site-packages/pylint/extensions/emptystring.py",
    "lib/python3.8/site-packages/pylint/extensions/for_any_all.py",
    "lib/python3.8/site-packages/pylint/extensions/mccabe.py",
    "lib/python3.8/site-packages/pylint/extensions/overlapping_exceptions.py",
    "lib/python3.8/site-packages/pylint/extensions/redefined_variable_type.py",
    "lib/python3.8/site-packages/pylint/extensions/set_membership.py",
    "lib/python3.8/site-packages/pylint/extensions/typing.py",
    "lib/python3.8/site-packages/pylint/extensions/while_used.py",
    "lib/python3.8/site-packages/pylint/graph.py",
    "lib/python3.8/site-packages/pylint/interfaces.py",
    "lib/python3.8/site-packages/pylint/lint/__init__.py",
    "lib/python3.8/site-packages/pylint/lint/expand_modules.py",
    "lib/python3.8/site-packages/pylint/lint/parallel.py",
    "lib/python3.8/site-packages/pylint/lint/pylinter.py",
    "lib/python3.8/site-packages/pylint/lint/report_functions.py",
    "lib/python3.8/site-packages/pylint/lint/run.py",
    "lib/python3.8/site-packages/pylint/lint/utils.py",
    "lib/python3.8/site-packages/pylint/message/__init__.py",
    "lib/python3.8/site-packages/pylint/message/message.py",
    "lib/python3.8/site-packages/pylint/message/message_definition.py",
    "lib/python3.8/site-packages/pylint/message/message_definition_store.py",
    "lib/python3.8/site-packages/pylint/message/message_id_store.py",
    "lib/python3.8/site-packages/pylint/pyreverse/__init__.py",
    "lib/python3.8/site-packages/pylint/pyreverse/diadefslib.py",
    "lib/python3.8/site-packages/pylint/pyreverse/diagrams.py",
    "lib/python3.8/site-packages/pylint/pyreverse/dot_printer.py",
    "lib/python3.8/site-packages/pylint/pyreverse/inspector.py",
    "lib/python3.8/site-packages/pylint/pyreverse/main.py",
    "lib/python3.8/site-packages/pylint/pyreverse/plantuml_printer.py",
    "lib/python3.8/site-packages/pylint/pyreverse/printer.py",
    "lib/python3.8/site-packages/pylint/pyreverse/printer_factory.py",
    "lib/python3.8/site-packages/pylint/pyreverse/utils.py",
    "lib/python3.8/site-packages/pylint/pyreverse/vcg_printer.py",
    "lib/python3.8/site-packages/pylint/pyreverse/writer.py",
    "lib/python3.8/site-packages/pylint/reporters/__init__.py",
    "lib/python3.8/site-packages/pylint/reporters/base_reporter.py",
    "lib/python3.8/site-packages/pylint/reporters/collecting_reporter.py",
    "lib/python3.8/site-packages/pylint/reporters/json_reporter.py",
    "lib/python3.8/site-packages/pylint/reporters/multi_reporter.py",
    "lib/python3.8/site-packages/pylint/reporters/reports_handler_mix_in.py",
    "lib/python3.8/site-packages/pylint/reporters/text.py",
    "lib/python3.8/site-packages/pylint/reporters/ureports/__init__.py",
    "lib/python3.8/site-packages/pylint/reporters/ureports/base_writer.py",
    "lib/python3.8/site-packages/pylint/reporters/ureports/nodes.py",
    "lib/python3.8/site-packages/pylint/reporters/ureports/text_writer.py",
    "lib/python3.8/site-packages/pylint/testutils/__init__.py",
    "lib/python3.8/site-packages/pylint/testutils/checker_test_case.py",
    "lib/python3.8/site-packages/pylint/testutils/configuration_test.py",
    "lib/python3.8/site-packages/pylint/testutils/constants.py",
    "lib/python3.8/site-packages/pylint/testutils/decorator.py",
    "lib/python3.8/site-packages/pylint/testutils/functional_test_file.py",
    "lib/python3.8/site-packages/pylint/testutils/get_test_info.py",
    "lib/python3.8/site-packages/pylint/testutils/global_test_linter.py",
    "lib/python3.8/site-packages/pylint/testutils/lint_module_test.py",
    "lib/python3.8/site-packages/pylint/testutils/output_line.py",
    "lib/python3.8/site-packages/pylint/testutils/primer.py",
    "lib/python3.8/site-packages/pylint/testutils/pyreverse.py",
    "lib/python3.8/site-packages/pylint/testutils/reporter_for_tests.py",
    "lib/python3.8/site-packages/pylint/testutils/tokenize_str.py",
    "lib/python3.8/site-packages/pylint/testutils/unittest_linter.py",
    "lib/python3.8/site-packages/pylint/typing.py",
    "lib/python3.8/site-packages/pylint/utils/__init__.py",
    "lib/python3.8/site-packages/pylint/utils/ast_walker.py",
    "lib/python3.8/site-packages/pylint/utils/docs.py",
    "lib/python3.8/site-packages/pylint/utils/file_state.py",
    "lib/python3.8/site-packages/pylint/utils/linterstats.py",
    "lib/python3.8/site-packages/pylint/utils/pragma_parser.py",
    "lib/python3.8/site-packages/pylint/utils/utils.py",
    "lib/python3.8/site-packages/pylint/__pycache__/__init__.cpython-38.pyc",
    "lib/python3.8/site-packages/pylint/__pycache__/__main__.cpython-38.pyc",
    "lib/python3.8/site-packages/pylint/__pycache__/__pkginfo__.cpython-38.pyc",
    "lib/python3.8/site-packages/pylint/checkers/__pycache__/__init__.cpython-38.pyc",
    "lib/python3.8/site-packages/pylint/checkers/__pycache__/async.cpython-38.pyc",
    "lib/python3.8/site-packages/pylint/checkers/__pycache__/base.cpython-38.pyc",
    "lib/python3.8/site-packages/pylint/checkers/__pycache__/base_checker.cpython-38.pyc",
    "lib/python3.8/site-packages/pylint/checkers/__pycache__/classes.cpython-38.pyc",
    "lib/python3.8/site-packages/pylint/checkers/__pycache__/deprecated.cpython-38.pyc",
    "lib/python3.8/site-packages/pylint/checkers/__pycache__/design_analysis.cpython-38.pyc",
    "lib/python3.8/site-packages/pylint/checkers/__pycache__/exceptions.cpython-38.pyc",
    "lib/python3.8/site-packages/pylint/checkers/__pycache__/format.cpython-38.pyc",
    "lib/python3.8/site-packages/pylint/checkers/__pycache__/imports.cpython-38.pyc",
    "lib/python3.8/site-packages/pylint/checkers/__pycache__/logging.cpython-38.pyc",
    "lib/python3.8/site-packages/pylint/checkers/__pycache__/mapreduce_checker.cpython-38.pyc",
    "lib/python3.8/site-packages/pylint/checkers/__pycache__/misc.cpython-38.pyc",
    "lib/python3.8/site-packages/pylint/checkers/__pycache__/newstyle.cpython-38.pyc",
    "lib/python3.8/site-packages/pylint/checkers/__pycache__/raw_metrics.cpython-38.pyc",
    "lib/python3.8/site-packages/pylint/checkers/refactoring/__pycache__/__init__.cpython-38.pyc",
    "lib/python3.8/site-packages/pylint/checkers/refactoring/__pycache__/implicit_booleaness_checker.cpython-38.pyc",
    "lib/python3.8/site-packages/pylint/checkers/refactoring/__pycache__/not_checker.cpython-38.pyc",
    "lib/python3.8/site-packages/pylint/checkers/refactoring/__pycache__/recommendation_checker.cpython-38.pyc",
    "lib/python3.8/site-packages/pylint/checkers/refactoring/__pycache__/refactoring_checker.cpython-38.pyc",
    "lib/python3.8/site-packages/pylint/checkers/__pycache__/similar.cpython-38.pyc",
    "lib/python3.8/site-packages/pylint/checkers/__pycache__/spelling.cpython-38.pyc",
    "lib/python3.8/site-packages/pylint/checkers/__pycache__/stdlib.cpython-38.pyc",
    "lib/python3.8/site-packages/pylint/checkers/__pycache__/strings.cpython-38.pyc",
    "lib/python3.8/site-packages/pylint/checkers/__pycache__/threading_checker.cpython-38.pyc",
    "lib/python3.8/site-packages/pylint/checkers/__pycache__/typecheck.cpython-38.pyc",
    "lib/python3.8/site-packages/pylint/checkers/__pycache__/unsupported_version.cpython-38.pyc",
    "lib/python3.8/site-packages/pylint/checkers/__pycache__/utils.cpython-38.pyc",
    "lib/python3.8/site-packages/pylint/checkers/__pycache__/variables.cpython-38.pyc",
    "lib/python3.8/site-packages/pylint/config/__pycache__/__init__.cpython-38.pyc",
    "lib/python3.8/site-packages/pylint/config/__pycache__/configuration_mixin.cpython-38.pyc",
    "lib/python3.8/site-packages/pylint/config/__pycache__/find_default_config_files.cpython-38.pyc",
    "lib/python3.8/site-packages/pylint/config/__pycache__/man_help_formatter.cpython-38.pyc",
    "lib/python3.8/site-packages/pylint/config/__pycache__/option.cpython-38.pyc",
    "lib/python3.8/site-packages/pylint/config/__pycache__/option_manager_mixin.cpython-38.pyc",
    "lib/python3.8/site-packages/pylint/config/__pycache__/option_parser.cpython-38.pyc",
    "lib/python3.8/site-packages/pylint/config/__pycache__/options_provider_mixin.cpython-38.pyc",
    "lib/python3.8/site-packages/pylint/__pycache__/constants.cpython-38.pyc",
    "lib/python3.8/site-packages/pylint/__pycache__/epylint.cpython-38.pyc",
    "lib/python3.8/site-packages/pylint/__pycache__/exceptions.cpython-38.pyc",
    "lib/python3.8/site-packages/pylint/extensions/__pycache__/__init__.cpython-38.pyc",
    "lib/python3.8/site-packages/pylint/extensions/__pycache__/_check_docs_utils.cpython-38.pyc",
    "lib/python3.8/site-packages/pylint/extensions/__pycache__/bad_builtin.cpython-38.pyc",
    "lib/python3.8/site-packages/pylint/extensions/__pycache__/broad_try_clause.cpython-38.pyc",
    "lib/python3.8/site-packages/pylint/extensions/__pycache__/check_docs.cpython-38.pyc",
    "lib/python3.8/site-packages/pylint/extensions/__pycache__/check_elif.cpython-38.pyc",
    "lib/python3.8/site-packages/pylint/extensions/__pycache__/code_style.cpython-38.pyc",
    "lib/python3.8/site-packages/pylint/extensions/__pycache__/comparetozero.cpython-38.pyc",
    "lib/python3.8/site-packages/pylint/extensions/__pycache__/comparison_placement.cpython-38.pyc",
    "lib/python3.8/site-packages/pylint/extensions/__pycache__/confusing_elif.cpython-38.pyc",
    "lib/python3.8/site-packages/pylint/extensions/__pycache__/consider_ternary_expression.cpython-38.pyc",
    "lib/python3.8/site-packages/pylint/extensions/__pycache__/docparams.cpython-38.pyc",
    "lib/python3.8/site-packages/pylint/extensions/__pycache__/docstyle.cpython-38.pyc",
    "lib/python3.8/site-packages/pylint/extensions/__pycache__/empty_comment.cpython-38.pyc",
    "lib/python3.8/site-packages/pylint/extensions/__pycache__/emptystring.cpython-38.pyc",
    "lib/python3.8/site-packages/pylint/extensions/__pycache__/for_any_all.cpython-38.pyc",
    "lib/python3.8/site-packages/pylint/extensions/__pycache__/mccabe.cpython-38.pyc",
    "lib/python3.8/site-packages/pylint/extensions/__pycache__/overlapping_exceptions.cpython-38.pyc",
    "lib/python3.8/site-packages/pylint/extensions/__pycache__/redefined_variable_type.cpython-38.pyc",
    "lib/python3.8/site-packages/pylint/extensions/__pycache__/set_membership.cpython-38.pyc",
    "lib/python3.8/site-packages/pylint/extensions/__pycache__/typing.cpython-38.pyc",
    "lib/python3.8/site-packages/pylint/extensions/__pycache__/while_used.cpython-38.pyc",
    "lib/python3.8/site-packages/pylint/__pycache__/graph.cpython-38.pyc",
    "lib/python3.8/site-packages/pylint/__pycache__/interfaces.cpython-38.pyc",
    "lib/python3.8/site-packages/pylint/lint/__pycache__/__init__.cpython-38.pyc",
    "lib/python3.8/site-packages/pylint/lint/__pycache__/expand_modules.cpython-38.pyc",
    "lib/python3.8/site-packages/pylint/lint/__pycache__/parallel.cpython-38.pyc",
    "lib/python3.8/site-packages/pylint/lint/__pycache__/pylinter.cpython-38.pyc",
    "lib/python3.8/site-packages/pylint/lint/__pycache__/report_functions.cpython-38.pyc",
    "lib/python3.8/site-packages/pylint/lint/__pycache__/run.cpython-38.pyc",
    "lib/python3.8/site-packages/pylint/lint/__pycache__/utils.cpython-38.pyc",
    "lib/python3.8/site-packages/pylint/message/__pycache__/__init__.cpython-38.pyc",
    "lib/python3.8/site-packages/pylint/message/__pycache__/message.cpython-38.pyc",
    "lib/python3.8/site-packages/pylint/message/__pycache__/message_definition.cpython-38.pyc",
    "lib/python3.8/site-packages/pylint/message/__pycache__/message_definition_store.cpython-38.pyc",
    "lib/python3.8/site-packages/pylint/message/__pycache__/message_id_store.cpython-38.pyc",
    "lib/python3.8/site-packages/pylint/pyreverse/__pycache__/__init__.cpython-38.pyc",
    "lib/python3.8/site-packages/pylint/pyreverse/__pycache__/diadefslib.cpython-38.pyc",
    "lib/python3.8/site-packages/pylint/pyreverse/__pycache__/diagrams.cpython-38.pyc",
    "lib/python3.8/site-packages/pylint/pyreverse/__pycache__/dot_printer.cpython-38.pyc",
    "lib/python3.8/site-packages/pylint/pyreverse/__pycache__/inspector.cpython-38.pyc",
    "lib/python3.8/site-packages/pylint/pyreverse/__pycache__/main.cpython-38.pyc",
    "lib/python3.8/site-packages/pylint/pyreverse/__pycache__/plantuml_printer.cpython-38.pyc",
    "lib/python3.8/site-packages/pylint/pyreverse/__pycache__/printer.cpython-38.pyc",
    "lib/python3.8/site-packages/pylint/pyreverse/__pycache__/printer_factory.cpython-38.pyc",
    "lib/python3.8/site-packages/pylint/pyreverse/__pycache__/utils.cpython-38.pyc",
    "lib/python3.8/site-packages/pylint/pyreverse/__pycache__/vcg_printer.cpython-38.pyc",
    "lib/python3.8/site-packages/pylint/pyreverse/__pycache__/writer.cpython-38.pyc",
    "lib/python3.8/site-packages/pylint/reporters/__pycache__/__init__.cpython-38.pyc",
    "lib/python3.8/site-packages/pylint/reporters/__pycache__/base_reporter.cpython-38.pyc",
    "lib/python3.8/site-packages/pylint/reporters/__pycache__/collecting_reporter.cpython-38.pyc",
    "lib/python3.8/site-packages/pylint/reporters/__pycache__/json_reporter.cpython-38.pyc",
    "lib/python3.8/site-packages/pylint/reporters/__pycache__/multi_reporter.cpython-38.pyc",
    "lib/python3.8/site-packages/pylint/reporters/__pycache__/reports_handler_mix_in.cpython-38.pyc",
    "lib/python3.8/site-packages/pylint/reporters/__pycache__/text.cpython-38.pyc",
    "lib/python3.8/site-packages/pylint/reporters/ureports/__pycache__/__init__.cpython-38.pyc",
    "lib/python3.8/site-packages/pylint/reporters/ureports/__pycache__/base_writer.cpython-38.pyc",
    "lib/python3.8/site-packages/pylint/reporters/ureports/__pycache__/nodes.cpython-38.pyc",
    "lib/python3.8/site-packages/pylint/reporters/ureports/__pycache__/text_writer.cpython-38.pyc",
    "lib/python3.8/site-packages/pylint/testutils/__pycache__/__init__.cpython-38.pyc",
    "lib/python3.8/site-packages/pylint/testutils/__pycache__/checker_test_case.cpython-38.pyc",
    "lib/python3.8/site-packages/pylint/testutils/__pycache__/configuration_test.cpython-38.pyc",
    "lib/python3.8/site-packages/pylint/testutils/__pycache__/constants.cpython-38.pyc",
    "lib/python3.8/site-packages/pylint/testutils/__pycache__/decorator.cpython-38.pyc",
    "lib/python3.8/site-packages/pylint/testutils/__pycache__/functional_test_file.cpython-38.pyc",
    "lib/python3.8/site-packages/pylint/testutils/__pycache__/get_test_info.cpython-38.pyc",
    "lib/python3.8/site-packages/pylint/testutils/__pycache__/global_test_linter.cpython-38.pyc",
    "lib/python3.8/site-packages/pylint/testutils/__pycache__/lint_module_test.cpython-38.pyc",
    "lib/python3.8/site-packages/pylint/testutils/__pycache__/output_line.cpython-38.pyc",
    "lib/python3.8/site-packages/pylint/testutils/__pycache__/primer.cpython-38.pyc",
    "lib/python3.8/site-packages/pylint/testutils/__pycache__/pyreverse.cpython-38.pyc",
    "lib/python3.8/site-packages/pylint/testutils/__pycache__/reporter_for_tests.cpython-38.pyc",
    "lib/python3.8/site-packages/pylint/testutils/__pycache__/tokenize_str.cpython-38.pyc",
    "lib/python3.8/site-packages/pylint/testutils/__pycache__/unittest_linter.cpython-38.pyc",
    "lib/python3.8/site-packages/pylint/__pycache__/typing.cpython-38.pyc",
    "lib/python3.8/site-packages/pylint/utils/__pycache__/__init__.cpython-38.pyc",
    "lib/python3.8/site-packages/pylint/utils/__pycache__/ast_walker.cpython-38.pyc",
    "lib/python3.8/site-packages/pylint/utils/__pycache__/docs.cpython-38.pyc",
    "lib/python3.8/site-packages/pylint/utils/__pycache__/file_state.cpython-38.pyc",
    "lib/python3.8/site-packages/pylint/utils/__pycache__/linterstats.cpython-38.pyc",
    "lib/python3.8/site-packages/pylint/utils/__pycache__/pragma_parser.cpython-38.pyc",
    "lib/python3.8/site-packages/pylint/utils/__pycache__/utils.cpython-38.pyc",
    "bin/pylint",
    "bin/epylint",
    "bin/pyreverse",
    "bin/symilar"
  ],
  "fn": "pylint-2.12.2-pyhd8ed1ab_0.tar.bz2",
  "license": "GPL-2.0-only",
  "license_family": "GPL",
  "link": {
    "source": "/opt/homebrew/anaconda3/pkgs/pylint-2.12.2-pyhd8ed1ab_0",
    "type": 1
  },
  "md5": "58ded2991eb343d1c279ac8abab51797",
  "name": "pylint",
  "noarch": "python",
  "package_tarball_full_path": "/opt/homebrew/anaconda3/pkgs/pylint-2.12.2-pyhd8ed1ab_0.tar.bz2",
  "package_type": "noarch_python",
  "paths_data": {
    "paths": [
      {
        "_path": "site-packages/pylint-2.12.2.dist-info/CONTRIBUTORS.txt",
        "path_type": "hardlink",
        "sha256": "390a17ea059e7ff022631bab906fe3f74d5b34302fae8382f633bc5650dddb88",
        "sha256_in_prefix": "390a17ea059e7ff022631bab906fe3f74d5b34302fae8382f633bc5650dddb88",
        "size_in_bytes": 13708
      },
      {
        "_path": "site-packages/pylint-2.12.2.dist-info/INSTALLER",
        "path_type": "hardlink",
        "sha256": "d0edee15f91b406f3f99726e44eb990be6e34fd0345b52b910c568e0eef6a2a8",
        "sha256_in_prefix": "d0edee15f91b406f3f99726e44eb990be6e34fd0345b52b910c568e0eef6a2a8",
        "size_in_bytes": 5
      },
      {
        "_path": "site-packages/pylint-2.12.2.dist-info/LICENSE",
        "path_type": "hardlink",
        "sha256": "f97b14080de8b8490d60eb3d620ebc419943e0779466d1dd0d5d6f68fe195dcd",
        "sha256_in_prefix": "f97b14080de8b8490d60eb3d620ebc419943e0779466d1dd0d5d6f68fe195dcd",
        "size_in_bytes": 17984
      },
      {
        "_path": "site-packages/pylint-2.12.2.dist-info/METADATA",
        "path_type": "hardlink",
        "sha256": "d8812c053266e88721211df05fec85c7df91bab28650ce8e56650316bd8b9fc5",
        "sha256_in_prefix": "d8812c053266e88721211df05fec85c7df91bab28650ce8e56650316bd8b9fc5",
        "size_in_bytes": 2229
      },
      {
        "_path": "site-packages/pylint-2.12.2.dist-info/RECORD",
        "path_type": "hardlink",
        "sha256": "0099133faae3f303cb6699363b5fd7cc5ec99b942703013d7222f75c1245c5a4",
        "sha256_in_prefix": "0099133faae3f303cb6699363b5fd7cc5ec99b942703013d7222f75c1245c5a4",
        "size_in_bytes": 19728
      },
      {
        "_path": "site-packages/pylint-2.12.2.dist-info/REQUESTED",
        "path_type": "hardlink",
        "sha256": "e3b0c44298fc1c149afbf4c8996fb92427ae41e4649b934ca495991b7852b855",
        "sha256_in_prefix": "e3b0c44298fc1c149afbf4c8996fb92427ae41e4649b934ca495991b7852b855",
        "size_in_bytes": 0
      },
      {
        "_path": "site-packages/pylint-2.12.2.dist-info/WHEEL",
        "path_type": "hardlink",
        "sha256": "7b0c04b9e8a8d42d977874ef4f5ee7f1d6542603afc82582b7459534b0a53fda",
        "sha256_in_prefix": "7b0c04b9e8a8d42d977874ef4f5ee7f1d6542603afc82582b7459534b0a53fda",
        "size_in_bytes": 92
      },
      {
        "_path": "site-packages/pylint-2.12.2.dist-info/direct_url.json",
        "path_type": "hardlink",
        "sha256": "0aae61e6a33ee0ced37fffc6125e792dc51980c91872b2747101bfd862a43423",
        "sha256_in_prefix": "0aae61e6a33ee0ced37fffc6125e792dc51980c91872b2747101bfd862a43423",
        "size_in_bytes": 102
      },
      {
        "_path": "site-packages/pylint-2.12.2.dist-info/entry_points.txt",
        "path_type": "hardlink",
        "sha256": "5944f01ccd99704c4ef954afb2cd7c00c16c40bf9771683a3b7fccc286d67e6c",
        "sha256_in_prefix": "5944f01ccd99704c4ef954afb2cd7c00c16c40bf9771683a3b7fccc286d67e6c",
        "size_in_bytes": 137
      },
      {
        "_path": "site-packages/pylint-2.12.2.dist-info/top_level.txt",
        "path_type": "hardlink",
        "sha256": "8fa67d8bffe922e6a20a46ba525f58232eb22396b0e506c2b6574bbd994c92c1",
        "sha256_in_prefix": "8fa67d8bffe922e6a20a46ba525f58232eb22396b0e506c2b6574bbd994c92c1",
        "size_in_bytes": 7
      },
      {
        "_path": "site-packages/pylint/__init__.py",
        "path_type": "hardlink",
        "sha256": "e164a915e056963a9f9e31fe1c5066c72f9bb6b27455ba8f38784c59e049e061",
        "sha256_in_prefix": "e164a915e056963a9f9e31fe1c5066c72f9bb6b27455ba8f38784c59e049e061",
        "size_in_bytes": 2596
      },
      {
        "_path": "site-packages/pylint/__main__.py",
        "path_type": "hardlink",
        "sha256": "701287c1bb656041a92c117d95e1190a3a5c25e4e2381b511eb724710153a5d1",
        "sha256_in_prefix": "701287c1bb656041a92c117d95e1190a3a5c25e4e2381b511eb724710153a5d1",
        "size_in_bytes": 230
      },
      {
        "_path": "site-packages/pylint/__pkginfo__.py",
        "path_type": "hardlink",
        "sha256": "d7ab252ae7b3b2bfc5ff59ed8820d045ea7409e78217f22e94593e8a8aafb4a7",
        "sha256_in_prefix": "d7ab252ae7b3b2bfc5ff59ed8820d045ea7409e78217f22e94593e8a8aafb4a7",
        "size_in_bytes": 965
      },
      {
        "_path": "site-packages/pylint/checkers/__init__.py",
        "path_type": "hardlink",
        "sha256": "aa1a9e95882be0bfe3c1a52ab9e71a3b3d5e738517ebbdab715cac9b1ac65016",
        "sha256_in_prefix": "aa1a9e95882be0bfe3c1a52ab9e71a3b3d5e738517ebbdab715cac9b1ac65016",
        "size_in_bytes": 4934
      },
      {
        "_path": "site-packages/pylint/checkers/async.py",
        "path_type": "hardlink",
        "sha256": "f2ff13d64a21f1dd1eedb0205364b6770eb0407e58cc0ddde21cc27b17ba60e9",
        "sha256_in_prefix": "f2ff13d64a21f1dd1eedb0205364b6770eb0407e58cc0ddde21cc27b17ba60e9",
        "size_in_bytes": 4223
      },
      {
        "_path": "site-packages/pylint/checkers/base.py",
        "path_type": "hardlink",
        "sha256": "831e8aa303fd043ff01919eb9afb521b3c2d4a2edbdd54cd0e259a4902400b4d",
        "sha256_in_prefix": "831e8aa303fd043ff01919eb9afb521b3c2d4a2edbdd54cd0e259a4902400b4d",
        "size_in_bytes": 101398
      },
      {
        "_path": "site-packages/pylint/checkers/base_checker.py",
        "path_type": "hardlink",
        "sha256": "e6a3505a66ef53aba7c052510e801e16abd0317da9f6372f1444dd9fae2cb77d",
        "sha256_in_prefix": "e6a3505a66ef53aba7c052510e801e16abd0317da9f6372f1444dd9fae2cb77d",
        "size_in_bytes": 8019
      },
      {
        "_path": "site-packages/pylint/checkers/classes.py",
        "path_type": "hardlink",
        "sha256": "89d1131cb76d626b0e09bd6a67e0032b0a5296f53b99f71a6e6d77e8f63d2b40",
        "sha256_in_prefix": "89d1131cb76d626b0e09bd6a67e0032b0a5296f53b99f71a6e6d77e8f63d2b40",
        "size_in_bytes": 93283
      },
      {
        "_path": "site-packages/pylint/checkers/deprecated.py",
        "path_type": "hardlink",
        "sha256": "7213f2f6ad662d991e790c776d2b14ad179a75ec52daf868e6163bb1527d05c6",
        "sha256_in_prefix": "7213f2f6ad662d991e790c776d2b14ad179a75ec52daf868e6163bb1527d05c6",
        "size_in_bytes": 9089
      },
      {
        "_path": "site-packages/pylint/checkers/design_analysis.py",
        "path_type": "hardlink",
        "sha256": "64804a4c50c20d2652f3611841f8e1746eb7900241de713f114e81c08dda9eee",
        "sha256_in_prefix": "64804a4c50c20d2652f3611841f8e1746eb7900241de713f114e81c08dda9eee",
        "size_in_bytes": 23225
      },
      {
        "_path": "site-packages/pylint/checkers/exceptions.py",
        "path_type": "hardlink",
        "sha256": "9a87d4999ec91ca33d6c7b7d073ad1c1a8c387f67e7b795d26af7e3707e2825f",
        "sha256_in_prefix": "9a87d4999ec91ca33d6c7b7d073ad1c1a8c387f67e7b795d26af7e3707e2825f",
        "size_in_bytes": 23594
      },
      {
        "_path": "site-packages/pylint/checkers/format.py",
        "path_type": "hardlink",
        "sha256": "e693dfbade367f3a7a68c83c4b3f5a2eda247b1724645c09202d5e7398527773",
        "sha256_in_prefix": "e693dfbade367f3a7a68c83c4b3f5a2eda247b1724645c09202d5e7398527773",
        "size_in_bytes": 30609
      },
      {
        "_path": "site-packages/pylint/checkers/imports.py",
        "path_type": "hardlink",
        "sha256": "9a5e2423a13ca80ab6bc374dc9d46ef1a4106661c73ccbd11219a3cd1b26d7e1",
        "sha256_in_prefix": "9a5e2423a13ca80ab6bc374dc9d46ef1a4106661c73ccbd11219a3cd1b26d7e1",
        "size_in_bytes": 40388
      },
      {
        "_path": "site-packages/pylint/checkers/logging.py",
        "path_type": "hardlink",
        "sha256": "61d9122c4197d4361e26c0d76f832dfb407d3eee38e2c4e7094edb05a914a06a",
        "sha256_in_prefix": "61d9122c4197d4361e26c0d76f832dfb407d3eee38e2c4e7094edb05a914a06a",
        "size_in_bytes": 15964
      },
      {
        "_path": "site-packages/pylint/checkers/mapreduce_checker.py",
        "path_type": "hardlink",
        "sha256": "01da2141c882f42995b99b80becc903a4f230cc3e89076e59d3f5a498d172c40",
        "sha256_in_prefix": "01da2141c882f42995b99b80becc903a4f230cc3e89076e59d3f5a498d172c40",
        "size_in_bytes": 761
      },
      {
        "_path": "site-packages/pylint/checkers/misc.py",
        "path_type": "hardlink",
        "sha256": "0887cdb08d897118eb59e5ac94fbd82a70348152f281632900469f7141b93f15",
        "sha256_in_prefix": "0887cdb08d897118eb59e5ac94fbd82a70348152f281632900469f7141b93f15",
        "size_in_bytes": 7441
      },
      {
        "_path": "site-packages/pylint/checkers/newstyle.py",
        "path_type": "hardlink",
        "sha256": "b0725b1de9423a5efe15e2bc57b9523d42f1762c37c1339481bec305d4701508",
        "sha256_in_prefix": "b0725b1de9423a5efe15e2bc57b9523d42f1762c37c1339481bec305d4701508",
        "size_in_bytes": 5330
      },
      {
        "_path": "site-packages/pylint/checkers/raw_metrics.py",
        "path_type": "hardlink",
        "sha256": "7c1cdfc70b671ed99484ab54c74d28cd91b7247a4a445978a80cd9fcddfa2aa9",
        "sha256_in_prefix": "7c1cdfc70b671ed99484ab54c74d28cd91b7247a4a445978a80cd9fcddfa2aa9",
        "size_in_bytes": 4484
      },
      {
        "_path": "site-packages/pylint/checkers/refactoring/__init__.py",
        "path_type": "hardlink",
        "sha256": "5a3678837200b5a4ca60e894e8955b0bed7b3d5b51f489f93ae63001ffbcf186",
        "sha256_in_prefix": "5a3678837200b5a4ca60e894e8955b0bed7b3d5b51f489f93ae63001ffbcf186",
        "size_in_bytes": 3005
      },
      {
        "_path": "site-packages/pylint/checkers/refactoring/implicit_booleaness_checker.py",
        "path_type": "hardlink",
        "sha256": "793d64baef73a99e5b47715aa70115a497e49b7799195a30e90e71121de7f74d",
        "sha256_in_prefix": "793d64baef73a99e5b47715aa70115a497e49b7799195a30e90e71121de7f74d",
        "size_in_bytes": 8708
      },
      {
        "_path": "site-packages/pylint/checkers/refactoring/not_checker.py",
        "path_type": "hardlink",
        "sha256": "3c9468e897ae642d57759238f906ad59f2afbca4ea75ab9f0f79c8ed9c285e7e",
        "sha256_in_prefix": "3c9468e897ae642d57759238f906ad59f2afbca4ea75ab9f0f79c8ed9c285e7e",
        "size_in_bytes": 2783
      },
      {
        "_path": "site-packages/pylint/checkers/refactoring/recommendation_checker.py",
        "path_type": "hardlink",
        "sha256": "522065a61f4503db570943d8966e87f4d4467afe64b2f91c524d8230461d35de",
        "sha256_in_prefix": "522065a61f4503db570943d8966e87f4d4467afe64b2f91c524d8230461d35de",
        "size_in_bytes": 17196
      },
      {
        "_path": "site-packages/pylint/checkers/refactoring/refactoring_checker.py",
        "path_type": "hardlink",
        "sha256": "f16c1121208d5944ea702db5b2777d919d281ae4e6dad693d82b497b6e6d3fe5",
        "sha256_in_prefix": "f16c1121208d5944ea702db5b2777d919d281ae4e6dad693d82b497b6e6d3fe5",
        "size_in_bytes": 79104
      },
      {
        "_path": "site-packages/pylint/checkers/similar.py",
        "path_type": "hardlink",
        "sha256": "390020d739d1b6090524fcb2d92f8d2525081da27066943e97036e39e99eeeec",
        "sha256_in_prefix": "390020d739d1b6090524fcb2d92f8d2525081da27066943e97036e39e99eeeec",
        "size_in_bytes": 34745
      },
      {
        "_path": "site-packages/pylint/checkers/spelling.py",
        "path_type": "hardlink",
        "sha256": "321867996505b138a49b90d1c2f30e572b37b7d9cfdfa7c41511dc8ba8819ac1",
        "sha256_in_prefix": "321867996505b138a49b90d1c2f30e572b37b7d9cfdfa7c41511dc8ba8819ac1",
        "size_in_bytes": 16593
      },
      {
        "_path": "site-packages/pylint/checkers/stdlib.py",
        "path_type": "hardlink",
        "sha256": "a98b8b81ef1a039d01bdf6cf4a1032f6547063e39093301da495453d92421bed",
        "sha256_in_prefix": "a98b8b81ef1a039d01bdf6cf4a1032f6547063e39093301da495453d92421bed",
        "size_in_bytes": 27559
      },
      {
        "_path": "site-packages/pylint/checkers/strings.py",
        "path_type": "hardlink",
        "sha256": "c7e380c54844e92bf92dff8a783e5d17cca57a207b9f2594b52f483c8126c7a5",
        "sha256_in_prefix": "c7e380c54844e92bf92dff8a783e5d17cca57a207b9f2594b52f483c8126c7a5",
        "size_in_bytes": 41124
      },
      {
        "_path": "site-packages/pylint/checkers/threading_checker.py",
        "path_type": "hardlink",
        "sha256": "d40cb5b4d02a67a70cf17fb4489e3fa800c888940c00532275a197bba67a4bef",
        "sha256_in_prefix": "d40cb5b4d02a67a70cf17fb4489e3fa800c888940c00532275a197bba67a4bef",
        "size_in_bytes": 1832
      },
      {
        "_path": "site-packages/pylint/checkers/typecheck.py",
        "path_type": "hardlink",
        "sha256": "e8cca3268d6392b22f707a2b90968d58a7fd9878f73c1b443e4bcba821cf6955",
        "sha256_in_prefix": "e8cca3268d6392b22f707a2b90968d58a7fd9878f73c1b443e4bcba821cf6955",
        "size_in_bytes": 79072
      },
      {
        "_path": "site-packages/pylint/checkers/unsupported_version.py",
        "path_type": "hardlink",
        "sha256": "fd80ba960be74aec6f9f8ec23cf245c87f66eaa33b260dbacde6c7497dde07e5",
        "sha256_in_prefix": "fd80ba960be74aec6f9f8ec23cf245c87f66eaa33b260dbacde6c7497dde07e5",
        "size_in_bytes": 3210
      },
      {
        "_path": "site-packages/pylint/checkers/utils.py",
        "path_type": "hardlink",
        "sha256": "5f7ed798b0495e0d7869ce267fda44313a433bd69c052b564cc1dee914580019",
        "sha256_in_prefix": "5f7ed798b0495e0d7869ce267fda44313a433bd69c052b564cc1dee914580019",
        "size_in_bytes": 58193
      },
      {
        "_path": "site-packages/pylint/checkers/variables.py",
        "path_type": "hardlink",
        "sha256": "4dafbba6fc86cadeca5bd2595b776598413e594441547c79f215931f82a5fbc2",
        "sha256_in_prefix": "4dafbba6fc86cadeca5bd2595b776598413e594441547c79f215931f82a5fbc2",
        "size_in_bytes": 93913
      },
      {
        "_path": "site-packages/pylint/config/__init__.py",
        "path_type": "hardlink",
        "sha256": "efaa2bc910f8a57cabdbb056490f8f87e0678d7bc4b3d6ff0a4f6fa9b6286119",
        "sha256_in_prefix": "efaa2bc910f8a57cabdbb056490f8f87e0678d7bc4b3d6ff0a4f6fa9b6286119",
        "size_in_bytes": 6000
      },
      {
        "_path": "site-packages/pylint/config/configuration_mixin.py",
        "path_type": "hardlink",
        "sha256": "3d65c861d033decae64544625a1ad15e25965a383f9f4bee6827ebed84588df9",
        "sha256_in_prefix": "3d65c861d033decae64544625a1ad15e25965a383f9f4bee6827ebed84588df9",
        "size_in_bytes": 1103
      },
      {
        "_path": "site-packages/pylint/config/find_default_config_files.py",
        "path_type": "hardlink",
        "sha256": "1ee9fd7079f051f95b3f8a25487b2539e07fc27c13c0668326159405bd94f84d",
        "sha256_in_prefix": "1ee9fd7079f051f95b3f8a25487b2539e07fc27c13c0668326159405bd94f84d",
        "size_in_bytes": 2629
      },
      {
        "_path": "site-packages/pylint/config/man_help_formatter.py",
        "path_type": "hardlink",
        "sha256": "d0c38d928a4baeff30d1ff7736da0df486b685a3f264aaf88129fdeb872bfca5",
        "sha256_in_prefix": "d0c38d928a4baeff30d1ff7736da0df486b685a3f264aaf88129fdeb872bfca5",
        "size_in_bytes": 3521
      },
      {
        "_path": "site-packages/pylint/config/option.py",
        "path_type": "hardlink",
        "sha256": "42b2620907a5b33e1b541be6b1da0e6f2d7a83eae56bbee90caf2de7e9b40f09",
        "sha256_in_prefix": "42b2620907a5b33e1b541be6b1da0e6f2d7a83eae56bbee90caf2de7e9b40f09",
        "size_in_bytes": 6734
      },
      {
        "_path": "site-packages/pylint/config/option_manager_mixin.py",
        "path_type": "hardlink",
        "sha256": "ba7c73234b0738697c49e5b3fea1a4dfbd25708d052ae53044956023bffcd43d",
        "sha256_in_prefix": "ba7c73234b0738697c49e5b3fea1a4dfbd25708d052ae53044956023bffcd43d",
        "size_in_bytes": 15605
      },
      {
        "_path": "site-packages/pylint/config/option_parser.py",
        "path_type": "hardlink",
        "sha256": "41babc0daf483fbeb1a56ea4fa3e3ad55e4b4c82735fbba14c372483ab573dee",
        "sha256_in_prefix": "41babc0daf483fbeb1a56ea4fa3e3ad55e4b4c82735fbba14c372483ab573dee",
        "size_in_bytes": 1680
      },
      {
        "_path": "site-packages/pylint/config/options_provider_mixin.py",
        "path_type": "hardlink",
        "sha256": "f1a80c4967d7bb25f2975e64be89465827c5d862370014c6f17c63ebc33a50a0",
        "sha256_in_prefix": "f1a80c4967d7bb25f2975e64be89465827c5d862370014c6f17c63ebc33a50a0",
        "size_in_bytes": 4199
      },
      {
        "_path": "site-packages/pylint/constants.py",
        "path_type": "hardlink",
        "sha256": "5a27cfa89c683d27f3b0cd7be9f373d06f0c6234349005f2904dfcd1da0f5613",
        "sha256_in_prefix": "5a27cfa89c683d27f3b0cd7be9f373d06f0c6234349005f2904dfcd1da0f5613",
        "size_in_bytes": 1501
      },
      {
        "_path": "site-packages/pylint/epylint.py",
        "path_type": "hardlink",
        "sha256": "a609fb2f786e2d53ddec67ebb0f44d8d045873230a509fb71a99453d68f7ee12",
        "sha256_in_prefix": "a609fb2f786e2d53ddec67ebb0f44d8d045873230a509fb71a99453d68f7ee12",
        "size_in_bytes": 7522
      },
      {
        "_path": "site-packages/pylint/exceptions.py",
        "path_type": "hardlink",
        "sha256": "dab6c4af0a11a1064835856a1c06de5c69a48583f385e5ee87dc159a8891ee95",
        "sha256_in_prefix": "dab6c4af0a11a1064835856a1c06de5c69a48583f385e5ee87dc159a8891ee95",
        "size_in_bytes": 1614
      },
      {
        "_path": "site-packages/pylint/extensions/__init__.py",
        "path_type": "hardlink",
        "sha256": "e9da0211303a3ba93926decdfa0bcf7eaae7b063e9c81f8e9bd9790901cf8f28",
        "sha256_in_prefix": "e9da0211303a3ba93926decdfa0bcf7eaae7b063e9c81f8e9bd9790901cf8f28",
        "size_in_bytes": 546
      },
      {
        "_path": "site-packages/pylint/extensions/_check_docs_utils.py",
        "path_type": "hardlink",
        "sha256": "b877af4478d042b0d4f6bc9b3dcce6bee2c8a63b20378494d0174d1b2a8324e1",
        "sha256_in_prefix": "b877af4478d042b0d4f6bc9b3dcce6bee2c8a63b20378494d0174d1b2a8324e1",
        "size_in_bytes": 24807
      },
      {
        "_path": "site-packages/pylint/extensions/bad_builtin.py",
        "path_type": "hardlink",
        "sha256": "476f49dc9aa9bb2ea6d88bbc51b11e613b8e4c1cb9afc6f03e3a8525cf35de4e",
        "sha256_in_prefix": "476f49dc9aa9bb2ea6d88bbc51b11e613b8e4c1cb9afc6f03e3a8525cf35de4e",
        "size_in_bytes": 2798
      },
      {
        "_path": "site-packages/pylint/extensions/broad_try_clause.py",
        "path_type": "hardlink",
        "sha256": "7d00e050c29d5eb120c37b570f136e4db6d06b0015ee6ea7adae90a4b9eeb9d4",
        "sha256_in_prefix": "7d00e050c29d5eb120c37b570f136e4db6d06b0015ee6ea7adae90a4b9eeb9d4",
        "size_in_bytes": 2626
      },
      {
        "_path": "site-packages/pylint/extensions/check_docs.py",
        "path_type": "hardlink",
        "sha256": "243caa168d5e8e62d86dfdeddc7949899a90b05537d187ac4907b5434a3f6c9e",
        "sha256_in_prefix": "243caa168d5e8e62d86dfdeddc7949899a90b05537d187ac4907b5434a3f6c9e",
        "size_in_bytes": 997
      },
      {
        "_path": "site-packages/pylint/extensions/check_elif.py",
        "path_type": "hardlink",
        "sha256": "3c69e9f4d6670bacccb1b6aaa907f492eb2f55d387d6a1429e74c4a9b7fc57d5",
        "sha256_in_prefix": "3c69e9f4d6670bacccb1b6aaa907f492eb2f55d387d6a1429e74c4a9b7fc57d5",
        "size_in_bytes": 2623
      },
      {
        "_path": "site-packages/pylint/extensions/code_style.py",
        "path_type": "hardlink",
        "sha256": "bbe27e7c04be191c689eb55fb447675a79cf31179834d5a5ad8e061b4242b3cf",
        "sha256_in_prefix": "bbe27e7c04be191c689eb55fb447675a79cf31179834d5a5ad8e061b4242b3cf",
        "size_in_bytes": 12018
      },
      {
        "_path": "site-packages/pylint/extensions/comparetozero.py",
        "path_type": "hardlink",
        "sha256": "316bb7a647b2c34072adcd214bc54daab402c8f13531b325829f755205d968c8",
        "sha256_in_prefix": "316bb7a647b2c34072adcd214bc54daab402c8f13531b325829f755205d968c8",
        "size_in_bytes": 2886
      },
      {
        "_path": "site-packages/pylint/extensions/comparison_placement.py",
        "path_type": "hardlink",
        "sha256": "5935eb8d34dcdbb5d046f755c07adac9142bc6fb2f546fcafb9198d7f15bc4f3",
        "sha256_in_prefix": "5935eb8d34dcdbb5d046f755c07adac9142bc6fb2f546fcafb9198d7f15bc4f3",
        "size_in_bytes": 2257
      },
      {
        "_path": "site-packages/pylint/extensions/confusing_elif.py",
        "path_type": "hardlink",
        "sha256": "09da8ef45f70df2edfc7a047bc120cfff4feb86572b9a44c629659d9432ed04c",
        "sha256_in_prefix": "09da8ef45f70df2edfc7a047bc120cfff4feb86572b9a44c629659d9432ed04c",
        "size_in_bytes": 2409
      },
      {
        "_path": "site-packages/pylint/extensions/consider_ternary_expression.py",
        "path_type": "hardlink",
        "sha256": "15613077823990e560ee0125b5900475cb6a1d1c4605ddd4a91e3d07dcffaf87",
        "sha256_in_prefix": "15613077823990e560ee0125b5900475cb6a1d1c4605ddd4a91e3d07dcffaf87",
        "size_in_bytes": 1576
      },
      {
        "_path": "site-packages/pylint/extensions/docparams.py",
        "path_type": "hardlink",
        "sha256": "167fb6267706b2a4f7c4a9947b315a854c23b76e63629548d0c7604934e5d5d2",
        "sha256_in_prefix": "167fb6267706b2a4f7c4a9947b315a854c23b76e63629548d0c7604934e5d5d2",
        "size_in_bytes": 25467
      },
      {
        "_path": "site-packages/pylint/extensions/docstyle.py",
        "path_type": "hardlink",
        "sha256": "10f29fc712b7e9782c96b3d2799e49e17baba01822d61b88c2fa6bbd1e7d7326",
        "sha256_in_prefix": "10f29fc712b7e9782c96b3d2799e49e17baba01822d61b88c2fa6bbd1e7d7326",
        "size_in_bytes": 3338
      },
      {
        "_path": "site-packages/pylint/extensions/empty_comment.py",
        "path_type": "hardlink",
        "sha256": "5144d9cdd9d20490c3d984243073c631afe78ae61fefb0824e530d3e66b3bcb8",
        "sha256_in_prefix": "5144d9cdd9d20490c3d984243073c631afe78ae61fefb0824e530d3e66b3bcb8",
        "size_in_bytes": 1648
      },
      {
        "_path": "site-packages/pylint/extensions/emptystring.py",
        "path_type": "hardlink",
        "sha256": "b17d4a21a922d55018610220b9afdd89dab06409d3351abd3287d7f6cdbfff85",
        "sha256_in_prefix": "b17d4a21a922d55018610220b9afdd89dab06409d3351abd3287d7f6cdbfff85",
        "size_in_bytes": 2894
      },
      {
        "_path": "site-packages/pylint/extensions/for_any_all.py",
        "path_type": "hardlink",
        "sha256": "4682d5b9b59d41582c6e22827a89d66bc2a783fd94e26833997fed144b09f5f2",
        "sha256_in_prefix": "4682d5b9b59d41582c6e22827a89d66bc2a783fd94e26833997fed144b09f5f2",
        "size_in_bytes": 2800
      },
      {
        "_path": "site-packages/pylint/extensions/mccabe.py",
        "path_type": "hardlink",
        "sha256": "4fa2c6647ec05006660b96b98840947571b7a2a15dc889b06601d080097543f4",
        "sha256_in_prefix": "4fa2c6647ec05006660b96b98840947571b7a2a15dc889b06601d080097543f4",
        "size_in_bytes": 6536
      },
      {
        "_path": "site-packages/pylint/extensions/overlapping_exceptions.py",
        "path_type": "hardlink",
        "sha256": "6deb159deeef979bb52461231a087589766e87206df563ef68cc7f246cbe1cfc",
        "sha256_in_prefix": "6deb159deeef979bb52461231a087589766e87206df563ef68cc7f246cbe1cfc",
        "size_in_bytes": 3252
      },
      {
        "_path": "site-packages/pylint/extensions/redefined_variable_type.py",
        "path_type": "hardlink",
        "sha256": "179416c5f183d24b9d2e46df1c2d3f49793544f3bfefb6b5dc8d588217210a09",
        "sha256_in_prefix": "179416c5f183d24b9d2e46df1c2d3f49793544f3bfefb6b5dc8d588217210a09",
        "size_in_bytes": 4637
      },
      {
        "_path": "site-packages/pylint/extensions/set_membership.py",
        "path_type": "hardlink",
        "sha256": "3545d1679f7db74adffd805724954fa118709c75e408ef34cadf2da78f5d2919",
        "sha256_in_prefix": "3545d1679f7db74adffd805724954fa118709c75e408ef34cadf2da78f5d2919",
        "size_in_bytes": 1563
      },
      {
        "_path": "site-packages/pylint/extensions/typing.py",
        "path_type": "hardlink",
        "sha256": "845094d2b196b4ec9c5cb5e6f2c329f17ffb423206fb982f7ca1c9823ba022f5",
        "sha256_in_prefix": "845094d2b196b4ec9c5cb5e6f2c329f17ffb423206fb982f7ca1c9823ba022f5",
        "size_in_bytes": 11250
      },
      {
        "_path": "site-packages/pylint/extensions/while_used.py",
        "path_type": "hardlink",
        "sha256": "a833911102fd22ddfd00e16c548eaa3322d4eab107ba7cac54e72888ef530e1c",
        "sha256_in_prefix": "a833911102fd22ddfd00e16c548eaa3322d4eab107ba7cac54e72888ef530e1c",
        "size_in_bytes": 859
      },
      {
        "_path": "site-packages/pylint/graph.py",
        "path_type": "hardlink",
        "sha256": "f310b4057978aa80fb10d2cc2287229d5e11d4acc79d5ec874ad91788df66450",
        "sha256_in_prefix": "f310b4057978aa80fb10d2cc2287229d5e11d4acc79d5ec874ad91788df66450",
        "size_in_bytes": 7532
      },
      {
        "_path": "site-packages/pylint/interfaces.py",
        "path_type": "hardlink",
        "sha256": "39668be13ac70488da18bdaa3a9e48ae603ac7d9c2812d2fd8d7f6f9c396cb56",
        "sha256_in_prefix": "39668be13ac70488da18bdaa3a9e48ae603ac7d9c2812d2fd8d7f6f9c396cb56",
        "size_in_bytes": 3701
      },
      {
        "_path": "site-packages/pylint/lint/__init__.py",
        "path_type": "hardlink",
        "sha256": "3fd8ae31f6834434d9388f394af9fb030ea4d2e09c9f9312c66fe72860d9d972",
        "sha256_in_prefix": "3fd8ae31f6834434d9388f394af9fb030ea4d2e09c9f9312c66fe72860d9d972",
        "size_in_bytes": 4568
      },
      {
        "_path": "site-packages/pylint/lint/expand_modules.py",
        "path_type": "hardlink",
        "sha256": "9c0cb3b70696a3669bf79faa575f508d8c399b706115ea4cf320b7ee9cdf4d8b",
        "sha256_in_prefix": "9c0cb3b70696a3669bf79faa575f508d8c399b706115ea4cf320b7ee9cdf4d8b",
        "size_in_bytes": 5329
      },
      {
        "_path": "site-packages/pylint/lint/parallel.py",
        "path_type": "hardlink",
        "sha256": "4e17b29552a419d9f07dc32810bc5e47a8aa169fb0308fb3fdc0d357615fb162",
        "sha256_in_prefix": "4e17b29552a419d9f07dc32810bc5e47a8aa169fb0308fb3fdc0d357615fb162",
        "size_in_bytes": 6283
      },
      {
        "_path": "site-packages/pylint/lint/pylinter.py",
        "path_type": "hardlink",
        "sha256": "ed22eda68d7b6e3e3ce003c62bb7f1ff7de11e1e68c65973fcb874afee23a92a",
        "sha256_in_prefix": "ed22eda68d7b6e3e3ce003c62bb7f1ff7de11e1e68c65973fcb874afee23a92a",
        "size_in_bytes": 66658
      },
      {
        "_path": "site-packages/pylint/lint/report_functions.py",
        "path_type": "hardlink",
        "sha256": "b1f68a9e2100acf4d65b2956c7561269b0b6e172f3154f98e2d357e1eb97e920",
        "sha256_in_prefix": "b1f68a9e2100acf4d65b2956c7561269b0b6e172f3154f98e2d357e1eb97e920",
        "size_in_bytes": 2778
      },
      {
        "_path": "site-packages/pylint/lint/run.py",
        "path_type": "hardlink",
        "sha256": "df56664bd3127163abac7f03b18df3e053b0ba5f27c8b35bf41c5c35fae97be7",
        "sha256_in_prefix": "df56664bd3127163abac7f03b18df3e053b0ba5f27c8b35bf41c5c35fae97be7",
        "size_in_bytes": 20417
      },
      {
        "_path": "site-packages/pylint/lint/utils.py",
        "path_type": "hardlink",
        "sha256": "d62d2ffde7d7feda6fb323ecd41ad6d908cc3b5182871b6d5f2e46e9a2780639",
        "sha256_in_prefix": "d62d2ffde7d7feda6fb323ecd41ad6d908cc3b5182871b6d5f2e46e9a2780639",
        "size_in_bytes": 4082
      },
      {
        "_path": "site-packages/pylint/message/__init__.py",
        "path_type": "hardlink",
        "sha256": "203806bbc4172d2cab761b2a3dab4e92bcf9a431191a8fe1d9487a6f32df7308",
        "sha256_in_prefix": "203806bbc4172d2cab761b2a3dab4e92bcf9a431191a8fe1d9487a6f32df7308",
        "size_in_bytes": 2726
      },
      {
        "_path": "site-packages/pylint/message/message.py",
        "path_type": "hardlink",
        "sha256": "59106009926cfe4d96ec593d2a347f29cd0e02b8af861a243318ddf58458e071",
        "sha256_in_prefix": "59106009926cfe4d96ec593d2a347f29cd0e02b8af861a243318ddf58458e071",
        "size_in_bytes": 2410
      },
      {
        "_path": "site-packages/pylint/message/message_definition.py",
        "path_type": "hardlink",
        "sha256": "634d0446d4bb40c2e099e6ff5fb983c82a4bfc9a1215aa245ea042be5fb400fa",
        "sha256_in_prefix": "634d0446d4bb40c2e099e6ff5fb983c82a4bfc9a1215aa245ea042be5fb400fa",
        "size_in_bytes": 4507
      },
      {
        "_path": "site-packages/pylint/message/message_definition_store.py",
        "path_type": "hardlink",
        "sha256": "5b48ab6a1dc4e14a4d9f5cdc17e92d4dfc42d9094767b27d0534f3cc9adffb42",
        "sha256_in_prefix": "5b48ab6a1dc4e14a4d9f5cdc17e92d4dfc42d9094767b27d0534f3cc9adffb42",
        "size_in_bytes": 4238
      },
      {
        "_path": "site-packages/pylint/message/message_id_store.py",
        "path_type": "hardlink",
        "sha256": "3e3b3f018b17e0c39c6248f4a4acb46eb60719c7d76a587a20a8a13bdbd07c5d",
        "sha256_in_prefix": "3e3b3f018b17e0c39c6248f4a4acb46eb60719c7d76a587a20a8a13bdbd07c5d",
        "size_in_bytes": 5099
      },
      {
        "_path": "site-packages/pylint/pyreverse/__init__.py",
        "path_type": "hardlink",
        "sha256": "992388d6db6730d25c8303fe743adc17a5ae4dba3d96d6f4ade288b1b474f095",
        "sha256_in_prefix": "992388d6db6730d25c8303fe743adc17a5ae4dba3d96d6f4ade288b1b474f095",
        "size_in_bytes": 200
      },
      {
        "_path": "site-packages/pylint/pyreverse/diadefslib.py",
        "path_type": "hardlink",
        "sha256": "9091b032149395d5d82dc6969bd57b79cd896154b01feaf1b9595da915d74252",
        "sha256_in_prefix": "9091b032149395d5d82dc6969bd57b79cd896154b01feaf1b9595da915d74252",
        "size_in_bytes": 9086
      },
      {
        "_path": "site-packages/pylint/pyreverse/diagrams.py",
        "path_type": "hardlink",
        "sha256": "01fe33ba7acec80a480af2e4824f509d739ff138feddbf215c97f111f95749c7",
        "sha256_in_prefix": "01fe33ba7acec80a480af2e4824f509d739ff138feddbf215c97f111f95749c7",
        "size_in_bytes": 9790
      },
      {
        "_path": "site-packages/pylint/pyreverse/dot_printer.py",
        "path_type": "hardlink",
        "sha256": "f59dfc0d38609b93ac92138237689d36172b8e1ff4d68746cad8067a2f43d57b",
        "sha256_in_prefix": "f59dfc0d38609b93ac92138237689d36172b8e1ff4d68746cad8067a2f43d57b",
        "size_in_bytes": 6072
      },
      {
        "_path": "site-packages/pylint/pyreverse/inspector.py",
        "path_type": "hardlink",
        "sha256": "00065e91013649363d7776d45eb98b27ba44af85e90d87055dec57beb1fd291f",
        "sha256_in_prefix": "00065e91013649363d7776d45eb98b27ba44af85e90d87055dec57beb1fd291f",
        "size_in_bytes": 12235
      },
      {
        "_path": "site-packages/pylint/pyreverse/main.py",
        "path_type": "hardlink",
        "sha256": "2f5585c167d7106a1a1fbb5d336a20ddd7bedb5406b360fc7dca8aa6840c8e58",
        "sha256_in_prefix": "2f5585c167d7106a1a1fbb5d336a20ddd7bedb5406b360fc7dca8aa6840c8e58",
        "size_in_bytes": 7125
      },
      {
        "_path": "site-packages/pylint/pyreverse/plantuml_printer.py",
        "path_type": "hardlink",
        "sha256": "32a219029b278d8b63045569afbefe528750cd536eb05c102c274f2053390a62",
        "sha256_in_prefix": "32a219029b278d8b63045569afbefe528750cd536eb05c102c274f2053390a62",
        "size_in_bytes": 3490
      },
      {
        "_path": "site-packages/pylint/pyreverse/printer.py",
        "path_type": "hardlink",
        "sha256": "7411c65d28cd7b2fea9ce53b76ad362e905a6f3b2a7f93139658d51a0e16914e",
        "sha256_in_prefix": "7411c65d28cd7b2fea9ce53b76ad362e905a6f3b2a7f93139658d51a0e16914e",
        "size_in_bytes": 3938
      },
      {
        "_path": "site-packages/pylint/pyreverse/printer_factory.py",
        "path_type": "hardlink",
        "sha256": "c09e038a85404e63ebf84a58c7b7d0d45e692845d58940ee7caa9fe2d5325f0c",
        "sha256_in_prefix": "c09e038a85404e63ebf84a58c7b7d0d45e692845d58940ee7caa9fe2d5325f0c",
        "size_in_bytes": 888
      },
      {
        "_path": "site-packages/pylint/pyreverse/utils.py",
        "path_type": "hardlink",
        "sha256": "e1445e0aceab6a5600fddd353dfb417a9151e5070f0ad6a8b64a9435975b28ce",
        "sha256_in_prefix": "e1445e0aceab6a5600fddd353dfb417a9151e5070f0ad6a8b64a9435975b28ce",
        "size_in_bytes": 9096
      },
      {
        "_path": "site-packages/pylint/pyreverse/vcg_printer.py",
        "path_type": "hardlink",
        "sha256": "80c0ce0ce0848a85047540c64879663c74b024b77a609a2afb2d17ab90cf058e",
        "sha256_in_prefix": "80c0ce0ce0848a85047540c64879663c74b024b77a609a2afb2d17ab90cf058e",
        "size_in_bytes": 9121
      },
      {
        "_path": "site-packages/pylint/pyreverse/writer.py",
        "path_type": "hardlink",
        "sha256": "d1215eccc8bd890868d3878aed14c1a673eb5af277282923cd089e5c6484863a",
        "sha256_in_prefix": "d1215eccc8bd890868d3878aed14c1a673eb5af277282923cd089e5c6484863a",
        "size_in_bytes": 6988
      },
      {
        "_path": "site-packages/pylint/reporters/__init__.py",
        "path_type": "hardlink",
        "sha256": "21e5c11dea9f79a6ef5742a117041ba1a8047638619f45a23bd50fa282ad028a",
        "sha256_in_prefix": "21e5c11dea9f79a6ef5742a117041ba1a8047638619f45a23bd50fa282ad028a",
        "size_in_bytes": 2193
      },
      {
        "_path": "site-packages/pylint/reporters/base_reporter.py",
        "path_type": "hardlink",
        "sha256": "300e52fafe363d9ff2074cc9c1c9fc2540ef839cf0c935daf3a498838208fc54",
        "sha256_in_prefix": "300e52fafe363d9ff2074cc9c1c9fc2540ef839cf0c935daf3a498838208fc54",
        "size_in_bytes": 3045
      },
      {
        "_path": "site-packages/pylint/reporters/collecting_reporter.py",
        "path_type": "hardlink",
        "sha256": "542e00775f77278d1a9891a06df263e0c6859319c6b7c656951eb18bf85a1e1d",
        "sha256_in_prefix": "542e00775f77278d1a9891a06df263e0c6859319c6b7c656951eb18bf85a1e1d",
        "size_in_bytes": 614
      },
      {
        "_path": "site-packages/pylint/reporters/json_reporter.py",
        "path_type": "hardlink",
        "sha256": "83fde020a91ae0ea3898470d6227d4aa6bdb83a93b45212f239041cc7cba8085",
        "sha256_in_prefix": "83fde020a91ae0ea3898470d6227d4aa6bdb83a93b45212f239041cc7cba8085",
        "size_in_bytes": 2318
      },
      {
        "_path": "site-packages/pylint/reporters/multi_reporter.py",
        "path_type": "hardlink",
        "sha256": "0da6f6dd2fe7a47732d9383f853cf30c471d98c70fec231b0b2966988da7c38c",
        "sha256_in_prefix": "0da6f6dd2fe7a47732d9383f853cf30c471d98c70fec231b0b2966988da7c38c",
        "size_in_bytes": 3567
      },
      {
        "_path": "site-packages/pylint/reporters/reports_handler_mix_in.py",
        "path_type": "hardlink",
        "sha256": "c62e6975c83db2e332a269ccafda671ad37350f95878bcf6150e7c4d60aa4eb4",
        "sha256_in_prefix": "c62e6975c83db2e332a269ccafda671ad37350f95878bcf6150e7c4d60aa4eb4",
        "size_in_bytes": 2859
      },
      {
        "_path": "site-packages/pylint/reporters/text.py",
        "path_type": "hardlink",
        "sha256": "010071a1e5a98b3d8afbcbb01baf24934016d95c1ac078091d85e9e0fc442c25",
        "sha256_in_prefix": "010071a1e5a98b3d8afbcbb01baf24934016d95c1ac078091d85e9e0fc442c25",
        "size_in_bytes": 12138
      },
      {
        "_path": "site-packages/pylint/reporters/ureports/__init__.py",
        "path_type": "hardlink",
        "sha256": "598f6e31b051d112865bb2f7c120ab60439a56a0f8beef9efc4da2d875dabd3c",
        "sha256_in_prefix": "598f6e31b051d112865bb2f7c120ab60439a56a0f8beef9efc4da2d875dabd3c",
        "size_in_bytes": 235
      },
      {
        "_path": "site-packages/pylint/reporters/ureports/base_writer.py",
        "path_type": "hardlink",
        "sha256": "e4d61c3fc4b8c101c043b430985da5bfab74ad7933a87d3cc5081f5b167fd4ba",
        "sha256_in_prefix": "e4d61c3fc4b8c101c043b430985da5bfab74ad7933a87d3cc5081f5b167fd4ba",
        "size_in_bytes": 3848
      },
      {
        "_path": "site-packages/pylint/reporters/ureports/nodes.py",
        "path_type": "hardlink",
        "sha256": "2d37a8deeeb01bf2daf2be601abdcbc4c76c54318dc4dada2f16f23c4b95a139",
        "sha256_in_prefix": "2d37a8deeeb01bf2daf2be601abdcbc4c76c54318dc4dada2f16f23c4b95a139",
        "size_in_bytes": 5520
      },
      {
        "_path": "site-packages/pylint/reporters/ureports/text_writer.py",
        "path_type": "hardlink",
        "sha256": "29d21cc09002dfe20fe994ba685070b5e14797e8a7d3f16f1dff3b9dddf638a1",
        "sha256_in_prefix": "29d21cc09002dfe20fe994ba685070b5e14797e8a7d3f16f1dff3b9dddf638a1",
        "size_in_bytes": 4058
      },
      {
        "_path": "site-packages/pylint/testutils/__init__.py",
        "path_type": "hardlink",
        "sha256": "71e452db7166749d7e3f5614bc5285d9dea7659455a2df032306a3b88bb8b72e",
        "sha256_in_prefix": "71e452db7166749d7e3f5614bc5285d9dea7659455a2df032306a3b88bb8b72e",
        "size_in_bytes": 2782
      },
      {
        "_path": "site-packages/pylint/testutils/checker_test_case.py",
        "path_type": "hardlink",
        "sha256": "f6f15b72870d4d57445a01bccadc1af18a0f85e2aa9c5d89259cf8c9625e0a2f",
        "sha256_in_prefix": "f6f15b72870d4d57445a01bccadc1af18a0f85e2aa9c5d89259cf8c9625e0a2f",
        "size_in_bytes": 1955
      },
      {
        "_path": "site-packages/pylint/testutils/configuration_test.py",
        "path_type": "hardlink",
        "sha256": "a2dfc9f943c48c29c86d5a7a6e955fb89a4d9461d55a4c9db8d3c6992fc87777",
        "sha256_in_prefix": "a2dfc9f943c48c29c86d5a7a6e955fb89a4d9461d55a4c9db8d3c6992fc87777",
        "size_in_bytes": 5666
      },
      {
        "_path": "site-packages/pylint/testutils/constants.py",
        "path_type": "hardlink",
        "sha256": "1c5059c494e729a9405ace98a5e48877ece44a080959a13a7a5f73293e74b1a6",
        "sha256_in_prefix": "1c5059c494e729a9405ace98a5e48877ece44a080959a13a7a5f73293e74b1a6",
        "size_in_bytes": 1143
      },
      {
        "_path": "site-packages/pylint/testutils/decorator.py",
        "path_type": "hardlink",
        "sha256": "a4922ccf10a9432de255c4696f759fd177fa8e8539d1a96a8eb5496f69cc76ef",
        "sha256_in_prefix": "a4922ccf10a9432de255c4696f759fd177fa8e8539d1a96a8eb5496f69cc76ef",
        "size_in_bytes": 3106
      },
      {
        "_path": "site-packages/pylint/testutils/functional_test_file.py",
        "path_type": "hardlink",
        "sha256": "93e4515231d81db779ad75ae5891e59fad77c4e404f079c6bbd5cffedc15b51b",
        "sha256_in_prefix": "93e4515231d81db779ad75ae5891e59fad77c4e404f079c6bbd5cffedc15b51b",
        "size_in_bytes": 2109
      },
      {
        "_path": "site-packages/pylint/testutils/get_test_info.py",
        "path_type": "hardlink",
        "sha256": "431969277176d3e85fe5834748fa4fe981158902b1d998c2550a65f1cba16d51",
        "sha256_in_prefix": "431969277176d3e85fe5834748fa4fe981158902b1d998c2550a65f1cba16d51",
        "size_in_bytes": 1964
      },
      {
        "_path": "site-packages/pylint/testutils/global_test_linter.py",
        "path_type": "hardlink",
        "sha256": "0d71aa2a3f64aa9f3444f670482c024d4cab8ef2382874228677e361d26896d8",
        "sha256_in_prefix": "0d71aa2a3f64aa9f3444f670482c024d4cab8ef2382874228677e361d26896d8",
        "size_in_bytes": 599
      },
      {
        "_path": "site-packages/pylint/testutils/lint_module_test.py",
        "path_type": "hardlink",
        "sha256": "562b964785355c6177b7218815fb81153451149c28b91264b2996c1849fe628b",
        "sha256_in_prefix": "562b964785355c6177b7218815fb81153451149c28b91264b2996c1849fe628b",
        "size_in_bytes": 10210
      },
      {
        "_path": "site-packages/pylint/testutils/output_line.py",
        "path_type": "hardlink",
        "sha256": "32f8f56bfbe8727b0fe1136c4d1c0548a8a39ca65ec5a9b30d48f27c96288829",
        "sha256_in_prefix": "32f8f56bfbe8727b0fe1136c4d1c0548a8a39ca65ec5a9b30d48f27c96288829",
        "size_in_bytes": 6473
      },
      {
        "_path": "site-packages/pylint/testutils/primer.py",
        "path_type": "hardlink",
        "sha256": "bf56e4e4bf3bd4a5dd6e94c6498ea643958155ae2c1a91a20f27eb91dfe0095d",
        "sha256_in_prefix": "bf56e4e4bf3bd4a5dd6e94c6498ea643958155ae2c1a91a20f27eb91dfe0095d",
        "size_in_bytes": 3683
      },
      {
        "_path": "site-packages/pylint/testutils/pyreverse.py",
        "path_type": "hardlink",
        "sha256": "0a0d367deca5dc8ac4a710bda9e19ddabac73b682851a49845f297328715f790",
        "sha256_in_prefix": "0a0d367deca5dc8ac4a710bda9e19ddabac73b682851a49845f297328715f790",
        "size_in_bytes": 1929
      },
      {
        "_path": "site-packages/pylint/testutils/reporter_for_tests.py",
        "path_type": "hardlink",
        "sha256": "aca4ddf89c46721e860e53902f5e672a7a71f92250ffcc4ad0e9632e1c427132",
        "sha256_in_prefix": "aca4ddf89c46721e860e53902f5e672a7a71f92250ffcc4ad0e9632e1c427132",
        "size_in_bytes": 2406
      },
      {
        "_path": "site-packages/pylint/testutils/tokenize_str.py",
        "path_type": "hardlink",
        "sha256": "256f7ce18fc3c724e18b6fe76d6503f219082a6b383c39b8b55b96668b81f6ec",
        "sha256_in_prefix": "256f7ce18fc3c724e18b6fe76d6503f219082a6b383c39b8b55b96668b81f6ec",
        "size_in_bytes": 360
      },
      {
        "_path": "site-packages/pylint/testutils/unittest_linter.py",
        "path_type": "hardlink",
        "sha256": "aef0ba536b2cf56c6a3965a8d772fb45c781c35036ca85aaa16dbe54dad81adc",
        "sha256_in_prefix": "aef0ba536b2cf56c6a3965a8d772fb45c781c35036ca85aaa16dbe54dad81adc",
        "size_in_bytes": 1991
      },
      {
        "_path": "site-packages/pylint/typing.py",
        "path_type": "hardlink",
        "sha256": "d9f244f75e28f214a8e7e42b041d4f6a4d62c5298ab7e217901381deb400e034",
        "sha256_in_prefix": "d9f244f75e28f214a8e7e42b041d4f6a4d62c5298ab7e217901381deb400e034",
        "size_in_bytes": 1506
      },
      {
        "_path": "site-packages/pylint/utils/__init__.py",
        "path_type": "hardlink",
        "sha256": "6f64d2bf9ff5566c66dd5e19da786a5382466705a20c9ff5fefd85d198ceaad8",
        "sha256_in_prefix": "6f64d2bf9ff5566c66dd5e19da786a5382466705a20c9ff5fefd85d198ceaad8",
        "size_in_bytes": 3605
      },
      {
        "_path": "site-packages/pylint/utils/ast_walker.py",
        "path_type": "hardlink",
        "sha256": "d168b087335569495b699fb762eee9f54727e8fbf4890fa07a8fccc292722b60",
        "sha256_in_prefix": "d168b087335569495b699fb762eee9f54727e8fbf4890fa07a8fccc292722b60",
        "size_in_bytes": 3248
      },
      {
        "_path": "site-packages/pylint/utils/docs.py",
        "path_type": "hardlink",
        "sha256": "c8a3144b2854d2b8d100fa7f89f3037f02c5a72fc6f3e0ee6e5c75b780873f4e",
        "sha256_in_prefix": "c8a3144b2854d2b8d100fa7f89f3037f02c5a72fc6f3e0ee6e5c75b780873f4e",
        "size_in_bytes": 2861
      },
      {
        "_path": "site-packages/pylint/utils/file_state.py",
        "path_type": "hardlink",
        "sha256": "bd35b92d56c75b1d13ef39a5db64fbb88e54a45a442f3198a337fc50b7db1277",
        "sha256_in_prefix": "bd35b92d56c75b1d13ef39a5db64fbb88e54a45a442f3198a337fc50b7db1277",
        "size_in_bytes": 6956
      },
      {
        "_path": "site-packages/pylint/utils/linterstats.py",
        "path_type": "hardlink",
        "sha256": "066f0b54de6904ba8fff9eda25578628d432477ca8ccda2a3ec785ceca8ab589",
        "sha256_in_prefix": "066f0b54de6904ba8fff9eda25578628d432477ca8ccda2a3ec785ceca8ab589",
        "size_in_bytes": 12004
      },
      {
        "_path": "site-packages/pylint/utils/pragma_parser.py",
        "path_type": "hardlink",
        "sha256": "a5b639aaac64a8ec1fdc392e39ca7db98fdd841384789bde1b8a41ea5501fd05",
        "sha256_in_prefix": "a5b639aaac64a8ec1fdc392e39ca7db98fdd841384789bde1b8a41ea5501fd05",
        "size_in_bytes": 4888
      },
      {
        "_path": "site-packages/pylint/utils/utils.py",
        "path_type": "hardlink",
        "sha256": "6a1626facbaada5fb37794b2c74c465b03d750bec0d200f1f58fb294555db51d",
        "sha256_in_prefix": "6a1626facbaada5fb37794b2c74c465b03d750bec0d200f1f58fb294555db51d",
        "size_in_bytes": 11892
      },
      {
        "_path": "lib/python3.8/site-packages/pylint/__pycache__/__init__.cpython-38.pyc",
        "path_type": "pyc_file"
      },
      {
        "_path": "lib/python3.8/site-packages/pylint/__pycache__/__main__.cpython-38.pyc",
        "path_type": "pyc_file"
      },
      {
        "_path": "lib/python3.8/site-packages/pylint/__pycache__/__pkginfo__.cpython-38.pyc",
        "path_type": "pyc_file"
      },
      {
        "_path": "lib/python3.8/site-packages/pylint/checkers/__pycache__/__init__.cpython-38.pyc",
        "path_type": "pyc_file"
      },
      {
        "_path": "lib/python3.8/site-packages/pylint/checkers/__pycache__/async.cpython-38.pyc",
        "path_type": "pyc_file"
      },
      {
        "_path": "lib/python3.8/site-packages/pylint/checkers/__pycache__/base.cpython-38.pyc",
        "path_type": "pyc_file"
      },
      {
        "_path": "lib/python3.8/site-packages/pylint/checkers/__pycache__/base_checker.cpython-38.pyc",
        "path_type": "pyc_file"
      },
      {
        "_path": "lib/python3.8/site-packages/pylint/checkers/__pycache__/classes.cpython-38.pyc",
        "path_type": "pyc_file"
      },
      {
        "_path": "lib/python3.8/site-packages/pylint/checkers/__pycache__/deprecated.cpython-38.pyc",
        "path_type": "pyc_file"
      },
      {
        "_path": "lib/python3.8/site-packages/pylint/checkers/__pycache__/design_analysis.cpython-38.pyc",
        "path_type": "pyc_file"
      },
      {
        "_path": "lib/python3.8/site-packages/pylint/checkers/__pycache__/exceptions.cpython-38.pyc",
        "path_type": "pyc_file"
      },
      {
        "_path": "lib/python3.8/site-packages/pylint/checkers/__pycache__/format.cpython-38.pyc",
        "path_type": "pyc_file"
      },
      {
        "_path": "lib/python3.8/site-packages/pylint/checkers/__pycache__/imports.cpython-38.pyc",
        "path_type": "pyc_file"
      },
      {
        "_path": "lib/python3.8/site-packages/pylint/checkers/__pycache__/logging.cpython-38.pyc",
        "path_type": "pyc_file"
      },
      {
        "_path": "lib/python3.8/site-packages/pylint/checkers/__pycache__/mapreduce_checker.cpython-38.pyc",
        "path_type": "pyc_file"
      },
      {
        "_path": "lib/python3.8/site-packages/pylint/checkers/__pycache__/misc.cpython-38.pyc",
        "path_type": "pyc_file"
      },
      {
        "_path": "lib/python3.8/site-packages/pylint/checkers/__pycache__/newstyle.cpython-38.pyc",
        "path_type": "pyc_file"
      },
      {
        "_path": "lib/python3.8/site-packages/pylint/checkers/__pycache__/raw_metrics.cpython-38.pyc",
        "path_type": "pyc_file"
      },
      {
        "_path": "lib/python3.8/site-packages/pylint/checkers/refactoring/__pycache__/__init__.cpython-38.pyc",
        "path_type": "pyc_file"
      },
      {
        "_path": "lib/python3.8/site-packages/pylint/checkers/refactoring/__pycache__/implicit_booleaness_checker.cpython-38.pyc",
        "path_type": "pyc_file"
      },
      {
        "_path": "lib/python3.8/site-packages/pylint/checkers/refactoring/__pycache__/not_checker.cpython-38.pyc",
        "path_type": "pyc_file"
      },
      {
        "_path": "lib/python3.8/site-packages/pylint/checkers/refactoring/__pycache__/recommendation_checker.cpython-38.pyc",
        "path_type": "pyc_file"
      },
      {
        "_path": "lib/python3.8/site-packages/pylint/checkers/refactoring/__pycache__/refactoring_checker.cpython-38.pyc",
        "path_type": "pyc_file"
      },
      {
        "_path": "lib/python3.8/site-packages/pylint/checkers/__pycache__/similar.cpython-38.pyc",
        "path_type": "pyc_file"
      },
      {
        "_path": "lib/python3.8/site-packages/pylint/checkers/__pycache__/spelling.cpython-38.pyc",
        "path_type": "pyc_file"
      },
      {
        "_path": "lib/python3.8/site-packages/pylint/checkers/__pycache__/stdlib.cpython-38.pyc",
        "path_type": "pyc_file"
      },
      {
        "_path": "lib/python3.8/site-packages/pylint/checkers/__pycache__/strings.cpython-38.pyc",
        "path_type": "pyc_file"
      },
      {
        "_path": "lib/python3.8/site-packages/pylint/checkers/__pycache__/threading_checker.cpython-38.pyc",
        "path_type": "pyc_file"
      },
      {
        "_path": "lib/python3.8/site-packages/pylint/checkers/__pycache__/typecheck.cpython-38.pyc",
        "path_type": "pyc_file"
      },
      {
        "_path": "lib/python3.8/site-packages/pylint/checkers/__pycache__/unsupported_version.cpython-38.pyc",
        "path_type": "pyc_file"
      },
      {
        "_path": "lib/python3.8/site-packages/pylint/checkers/__pycache__/utils.cpython-38.pyc",
        "path_type": "pyc_file"
      },
      {
        "_path": "lib/python3.8/site-packages/pylint/checkers/__pycache__/variables.cpython-38.pyc",
        "path_type": "pyc_file"
      },
      {
        "_path": "lib/python3.8/site-packages/pylint/config/__pycache__/__init__.cpython-38.pyc",
        "path_type": "pyc_file"
      },
      {
        "_path": "lib/python3.8/site-packages/pylint/config/__pycache__/configuration_mixin.cpython-38.pyc",
        "path_type": "pyc_file"
      },
      {
        "_path": "lib/python3.8/site-packages/pylint/config/__pycache__/find_default_config_files.cpython-38.pyc",
        "path_type": "pyc_file"
      },
      {
        "_path": "lib/python3.8/site-packages/pylint/config/__pycache__/man_help_formatter.cpython-38.pyc",
        "path_type": "pyc_file"
      },
      {
        "_path": "lib/python3.8/site-packages/pylint/config/__pycache__/option.cpython-38.pyc",
        "path_type": "pyc_file"
      },
      {
        "_path": "lib/python3.8/site-packages/pylint/config/__pycache__/option_manager_mixin.cpython-38.pyc",
        "path_type": "pyc_file"
      },
      {
        "_path": "lib/python3.8/site-packages/pylint/config/__pycache__/option_parser.cpython-38.pyc",
        "path_type": "pyc_file"
      },
      {
        "_path": "lib/python3.8/site-packages/pylint/config/__pycache__/options_provider_mixin.cpython-38.pyc",
        "path_type": "pyc_file"
      },
      {
        "_path": "lib/python3.8/site-packages/pylint/__pycache__/constants.cpython-38.pyc",
        "path_type": "pyc_file"
      },
      {
        "_path": "lib/python3.8/site-packages/pylint/__pycache__/epylint.cpython-38.pyc",
        "path_type": "pyc_file"
      },
      {
        "_path": "lib/python3.8/site-packages/pylint/__pycache__/exceptions.cpython-38.pyc",
        "path_type": "pyc_file"
      },
      {
        "_path": "lib/python3.8/site-packages/pylint/extensions/__pycache__/__init__.cpython-38.pyc",
        "path_type": "pyc_file"
      },
      {
        "_path": "lib/python3.8/site-packages/pylint/extensions/__pycache__/_check_docs_utils.cpython-38.pyc",
        "path_type": "pyc_file"
      },
      {
        "_path": "lib/python3.8/site-packages/pylint/extensions/__pycache__/bad_builtin.cpython-38.pyc",
        "path_type": "pyc_file"
      },
      {
        "_path": "lib/python3.8/site-packages/pylint/extensions/__pycache__/broad_try_clause.cpython-38.pyc",
        "path_type": "pyc_file"
      },
      {
        "_path": "lib/python3.8/site-packages/pylint/extensions/__pycache__/check_docs.cpython-38.pyc",
        "path_type": "pyc_file"
      },
      {
        "_path": "lib/python3.8/site-packages/pylint/extensions/__pycache__/check_elif.cpython-38.pyc",
        "path_type": "pyc_file"
      },
      {
        "_path": "lib/python3.8/site-packages/pylint/extensions/__pycache__/code_style.cpython-38.pyc",
        "path_type": "pyc_file"
      },
      {
        "_path": "lib/python3.8/site-packages/pylint/extensions/__pycache__/comparetozero.cpython-38.pyc",
        "path_type": "pyc_file"
      },
      {
        "_path": "lib/python3.8/site-packages/pylint/extensions/__pycache__/comparison_placement.cpython-38.pyc",
        "path_type": "pyc_file"
      },
      {
        "_path": "lib/python3.8/site-packages/pylint/extensions/__pycache__/confusing_elif.cpython-38.pyc",
        "path_type": "pyc_file"
      },
      {
        "_path": "lib/python3.8/site-packages/pylint/extensions/__pycache__/consider_ternary_expression.cpython-38.pyc",
        "path_type": "pyc_file"
      },
      {
        "_path": "lib/python3.8/site-packages/pylint/extensions/__pycache__/docparams.cpython-38.pyc",
        "path_type": "pyc_file"
      },
      {
        "_path": "lib/python3.8/site-packages/pylint/extensions/__pycache__/docstyle.cpython-38.pyc",
        "path_type": "pyc_file"
      },
      {
        "_path": "lib/python3.8/site-packages/pylint/extensions/__pycache__/empty_comment.cpython-38.pyc",
        "path_type": "pyc_file"
      },
      {
        "_path": "lib/python3.8/site-packages/pylint/extensions/__pycache__/emptystring.cpython-38.pyc",
        "path_type": "pyc_file"
      },
      {
        "_path": "lib/python3.8/site-packages/pylint/extensions/__pycache__/for_any_all.cpython-38.pyc",
        "path_type": "pyc_file"
      },
      {
        "_path": "lib/python3.8/site-packages/pylint/extensions/__pycache__/mccabe.cpython-38.pyc",
        "path_type": "pyc_file"
      },
      {
        "_path": "lib/python3.8/site-packages/pylint/extensions/__pycache__/overlapping_exceptions.cpython-38.pyc",
        "path_type": "pyc_file"
      },
      {
        "_path": "lib/python3.8/site-packages/pylint/extensions/__pycache__/redefined_variable_type.cpython-38.pyc",
        "path_type": "pyc_file"
      },
      {
        "_path": "lib/python3.8/site-packages/pylint/extensions/__pycache__/set_membership.cpython-38.pyc",
        "path_type": "pyc_file"
      },
      {
        "_path": "lib/python3.8/site-packages/pylint/extensions/__pycache__/typing.cpython-38.pyc",
        "path_type": "pyc_file"
      },
      {
        "_path": "lib/python3.8/site-packages/pylint/extensions/__pycache__/while_used.cpython-38.pyc",
        "path_type": "pyc_file"
      },
      {
        "_path": "lib/python3.8/site-packages/pylint/__pycache__/graph.cpython-38.pyc",
        "path_type": "pyc_file"
      },
      {
        "_path": "lib/python3.8/site-packages/pylint/__pycache__/interfaces.cpython-38.pyc",
        "path_type": "pyc_file"
      },
      {
        "_path": "lib/python3.8/site-packages/pylint/lint/__pycache__/__init__.cpython-38.pyc",
        "path_type": "pyc_file"
      },
      {
        "_path": "lib/python3.8/site-packages/pylint/lint/__pycache__/expand_modules.cpython-38.pyc",
        "path_type": "pyc_file"
      },
      {
        "_path": "lib/python3.8/site-packages/pylint/lint/__pycache__/parallel.cpython-38.pyc",
        "path_type": "pyc_file"
      },
      {
        "_path": "lib/python3.8/site-packages/pylint/lint/__pycache__/pylinter.cpython-38.pyc",
        "path_type": "pyc_file"
      },
      {
        "_path": "lib/python3.8/site-packages/pylint/lint/__pycache__/report_functions.cpython-38.pyc",
        "path_type": "pyc_file"
      },
      {
        "_path": "lib/python3.8/site-packages/pylint/lint/__pycache__/run.cpython-38.pyc",
        "path_type": "pyc_file"
      },
      {
        "_path": "lib/python3.8/site-packages/pylint/lint/__pycache__/utils.cpython-38.pyc",
        "path_type": "pyc_file"
      },
      {
        "_path": "lib/python3.8/site-packages/pylint/message/__pycache__/__init__.cpython-38.pyc",
        "path_type": "pyc_file"
      },
      {
        "_path": "lib/python3.8/site-packages/pylint/message/__pycache__/message.cpython-38.pyc",
        "path_type": "pyc_file"
      },
      {
        "_path": "lib/python3.8/site-packages/pylint/message/__pycache__/message_definition.cpython-38.pyc",
        "path_type": "pyc_file"
      },
      {
        "_path": "lib/python3.8/site-packages/pylint/message/__pycache__/message_definition_store.cpython-38.pyc",
        "path_type": "pyc_file"
      },
      {
        "_path": "lib/python3.8/site-packages/pylint/message/__pycache__/message_id_store.cpython-38.pyc",
        "path_type": "pyc_file"
      },
      {
        "_path": "lib/python3.8/site-packages/pylint/pyreverse/__pycache__/__init__.cpython-38.pyc",
        "path_type": "pyc_file"
      },
      {
        "_path": "lib/python3.8/site-packages/pylint/pyreverse/__pycache__/diadefslib.cpython-38.pyc",
        "path_type": "pyc_file"
      },
      {
        "_path": "lib/python3.8/site-packages/pylint/pyreverse/__pycache__/diagrams.cpython-38.pyc",
        "path_type": "pyc_file"
      },
      {
        "_path": "lib/python3.8/site-packages/pylint/pyreverse/__pycache__/dot_printer.cpython-38.pyc",
        "path_type": "pyc_file"
      },
      {
        "_path": "lib/python3.8/site-packages/pylint/pyreverse/__pycache__/inspector.cpython-38.pyc",
        "path_type": "pyc_file"
      },
      {
        "_path": "lib/python3.8/site-packages/pylint/pyreverse/__pycache__/main.cpython-38.pyc",
        "path_type": "pyc_file"
      },
      {
        "_path": "lib/python3.8/site-packages/pylint/pyreverse/__pycache__/plantuml_printer.cpython-38.pyc",
        "path_type": "pyc_file"
      },
      {
        "_path": "lib/python3.8/site-packages/pylint/pyreverse/__pycache__/printer.cpython-38.pyc",
        "path_type": "pyc_file"
      },
      {
        "_path": "lib/python3.8/site-packages/pylint/pyreverse/__pycache__/printer_factory.cpython-38.pyc",
        "path_type": "pyc_file"
      },
      {
        "_path": "lib/python3.8/site-packages/pylint/pyreverse/__pycache__/utils.cpython-38.pyc",
        "path_type": "pyc_file"
      },
      {
        "_path": "lib/python3.8/site-packages/pylint/pyreverse/__pycache__/vcg_printer.cpython-38.pyc",
        "path_type": "pyc_file"
      },
      {
        "_path": "lib/python3.8/site-packages/pylint/pyreverse/__pycache__/writer.cpython-38.pyc",
        "path_type": "pyc_file"
      },
      {
        "_path": "lib/python3.8/site-packages/pylint/reporters/__pycache__/__init__.cpython-38.pyc",
        "path_type": "pyc_file"
      },
      {
        "_path": "lib/python3.8/site-packages/pylint/reporters/__pycache__/base_reporter.cpython-38.pyc",
        "path_type": "pyc_file"
      },
      {
        "_path": "lib/python3.8/site-packages/pylint/reporters/__pycache__/collecting_reporter.cpython-38.pyc",
        "path_type": "pyc_file"
      },
      {
        "_path": "lib/python3.8/site-packages/pylint/reporters/__pycache__/json_reporter.cpython-38.pyc",
        "path_type": "pyc_file"
      },
      {
        "_path": "lib/python3.8/site-packages/pylint/reporters/__pycache__/multi_reporter.cpython-38.pyc",
        "path_type": "pyc_file"
      },
      {
        "_path": "lib/python3.8/site-packages/pylint/reporters/__pycache__/reports_handler_mix_in.cpython-38.pyc",
        "path_type": "pyc_file"
      },
      {
        "_path": "lib/python3.8/site-packages/pylint/reporters/__pycache__/text.cpython-38.pyc",
        "path_type": "pyc_file"
      },
      {
        "_path": "lib/python3.8/site-packages/pylint/reporters/ureports/__pycache__/__init__.cpython-38.pyc",
        "path_type": "pyc_file"
      },
      {
        "_path": "lib/python3.8/site-packages/pylint/reporters/ureports/__pycache__/base_writer.cpython-38.pyc",
        "path_type": "pyc_file"
      },
      {
        "_path": "lib/python3.8/site-packages/pylint/reporters/ureports/__pycache__/nodes.cpython-38.pyc",
        "path_type": "pyc_file"
      },
      {
        "_path": "lib/python3.8/site-packages/pylint/reporters/ureports/__pycache__/text_writer.cpython-38.pyc",
        "path_type": "pyc_file"
      },
      {
        "_path": "lib/python3.8/site-packages/pylint/testutils/__pycache__/__init__.cpython-38.pyc",
        "path_type": "pyc_file"
      },
      {
        "_path": "lib/python3.8/site-packages/pylint/testutils/__pycache__/checker_test_case.cpython-38.pyc",
        "path_type": "pyc_file"
      },
      {
        "_path": "lib/python3.8/site-packages/pylint/testutils/__pycache__/configuration_test.cpython-38.pyc",
        "path_type": "pyc_file"
      },
      {
        "_path": "lib/python3.8/site-packages/pylint/testutils/__pycache__/constants.cpython-38.pyc",
        "path_type": "pyc_file"
      },
      {
        "_path": "lib/python3.8/site-packages/pylint/testutils/__pycache__/decorator.cpython-38.pyc",
        "path_type": "pyc_file"
      },
      {
        "_path": "lib/python3.8/site-packages/pylint/testutils/__pycache__/functional_test_file.cpython-38.pyc",
        "path_type": "pyc_file"
      },
      {
        "_path": "lib/python3.8/site-packages/pylint/testutils/__pycache__/get_test_info.cpython-38.pyc",
        "path_type": "pyc_file"
      },
      {
        "_path": "lib/python3.8/site-packages/pylint/testutils/__pycache__/global_test_linter.cpython-38.pyc",
        "path_type": "pyc_file"
      },
      {
        "_path": "lib/python3.8/site-packages/pylint/testutils/__pycache__/lint_module_test.cpython-38.pyc",
        "path_type": "pyc_file"
      },
      {
        "_path": "lib/python3.8/site-packages/pylint/testutils/__pycache__/output_line.cpython-38.pyc",
        "path_type": "pyc_file"
      },
      {
        "_path": "lib/python3.8/site-packages/pylint/testutils/__pycache__/primer.cpython-38.pyc",
        "path_type": "pyc_file"
      },
      {
        "_path": "lib/python3.8/site-packages/pylint/testutils/__pycache__/pyreverse.cpython-38.pyc",
        "path_type": "pyc_file"
      },
      {
        "_path": "lib/python3.8/site-packages/pylint/testutils/__pycache__/reporter_for_tests.cpython-38.pyc",
        "path_type": "pyc_file"
      },
      {
        "_path": "lib/python3.8/site-packages/pylint/testutils/__pycache__/tokenize_str.cpython-38.pyc",
        "path_type": "pyc_file"
      },
      {
        "_path": "lib/python3.8/site-packages/pylint/testutils/__pycache__/unittest_linter.cpython-38.pyc",
        "path_type": "pyc_file"
      },
      {
        "_path": "lib/python3.8/site-packages/pylint/__pycache__/typing.cpython-38.pyc",
        "path_type": "pyc_file"
      },
      {
        "_path": "lib/python3.8/site-packages/pylint/utils/__pycache__/__init__.cpython-38.pyc",
        "path_type": "pyc_file"
      },
      {
        "_path": "lib/python3.8/site-packages/pylint/utils/__pycache__/ast_walker.cpython-38.pyc",
        "path_type": "pyc_file"
      },
      {
        "_path": "lib/python3.8/site-packages/pylint/utils/__pycache__/docs.cpython-38.pyc",
        "path_type": "pyc_file"
      },
      {
        "_path": "lib/python3.8/site-packages/pylint/utils/__pycache__/file_state.cpython-38.pyc",
        "path_type": "pyc_file"
      },
      {
        "_path": "lib/python3.8/site-packages/pylint/utils/__pycache__/linterstats.cpython-38.pyc",
        "path_type": "pyc_file"
      },
      {
        "_path": "lib/python3.8/site-packages/pylint/utils/__pycache__/pragma_parser.cpython-38.pyc",
        "path_type": "pyc_file"
      },
      {
        "_path": "lib/python3.8/site-packages/pylint/utils/__pycache__/utils.cpython-38.pyc",
        "path_type": "pyc_file"
      },
      {
        "_path": "bin/pylint",
        "path_type": "unix_python_entry_point"
      },
      {
        "_path": "bin/epylint",
        "path_type": "unix_python_entry_point"
      },
      {
        "_path": "bin/pyreverse",
        "path_type": "unix_python_entry_point"
      },
      {
        "_path": "bin/symilar",
        "path_type": "unix_python_entry_point"
      }
    ],
    "paths_version": 1
  },
  "requested_spec": "pylint=2.12.2",
  "sha256": "94a3fc0262989bf9b72873c560119f55da5f54357e7ce7df26e24d5fae40a6cc",
  "size": 270576,
  "subdir": "noarch",
  "timestamp": 1638563801414,
  "track_features": "",
  "url": "https://conda.anaconda.org/conda-forge/noarch/pylint-2.12.2-pyhd8ed1ab_0.tar.bz2",
  "version": "2.12.2"
}