{
  "build": "2_cp38",
  "build_number": 2,
  "channel": "https://conda.anaconda.org/conda-forge/osx-64",
  "constrains": [
    "pypy <0a0"
  ],
  "depends": [
    "python 3.8.*"
  ],
  "extracted_package_dir": "/opt/homebrew/anaconda3/pkgs/python_abi-3.8-2_cp38",
  "features": "",
  "files": [],
  "fn": "python_abi-3.8-2_cp38.tar.bz2",
  "license": "BSD-3-Clause",
  "license_family": "BSD",
  "link": {
    "source": "/opt/homebrew/anaconda3/pkgs/python_abi-3.8-2_cp38",
    "type": 1
  },
  "md5": "156803acb0247c263c9586f190b72f1c",
  "name": "python_abi",
  "package_tarball_full_path": "/opt/homebrew/anaconda3/pkgs/python_abi-3.8-2_cp38.tar.bz2",
  "paths_data": {
    "paths": [],
    "paths_version": 1
  },
  "requested_spec": "None",
  "sha256": "dab6aad0a321499739e562edfb710c106f1a62863c11e205beec76493ec4bf59",
  "size": 4035,
  "subdir": "osx-64",
  "timestamp": 1624472076007,
  "track_features": "",
  "url": "https://conda.anaconda.org/conda-forge/osx-64/python_abi-3.8-2_cp38.tar.bz2",
  "version": "3.8"
}