{
  "build": "py38h0dd4459_0",
  "build_number": 0,
  "channel": "https://conda.anaconda.org/conda-forge/osx-64",
  "constrains": [],
  "depends": [
    "python >=3.8,<3.9.0a0",
    "python_abi 3.8.* *_cp38"
  ],
  "extracted_package_dir": "/opt/homebrew/anaconda3/pkgs/typed-ast-1.5.4-py38h0dd4459_0",
  "features": "",
  "files": [
    "lib/python3.8/site-packages/typed_ast-1.5.4.dist-info/INSTALLER",
    "lib/python3.8/site-packages/typed_ast-1.5.4.dist-info/LICENSE",
    "lib/python3.8/site-packages/typed_ast-1.5.4.dist-info/METADATA",
    "lib/python3.8/site-packages/typed_ast-1.5.4.dist-info/RECORD",
    "lib/python3.8/site-packages/typed_ast-1.5.4.dist-info/REQUESTED",
    "lib/python3.8/site-packages/typed_ast-1.5.4.dist-info/WHEEL",
    "lib/python3.8/site-packages/typed_ast-1.5.4.dist-info/direct_url.json",
    "lib/python3.8/site-packages/typed_ast-1.5.4.dist-info/top_level.txt",
    "lib/python3.8/site-packages/typed_ast/__init__.py",
    "lib/python3.8/site-packages/typed_ast/__pycache__/__init__.cpython-38.pyc",
    "lib/python3.8/site-packages/typed_ast/__pycache__/ast27.cpython-38.pyc",
    "lib/python3.8/site-packages/typed_ast/__pycache__/ast3.cpython-38.pyc",
    "lib/python3.8/site-packages/typed_ast/__pycache__/conversions.cpython-38.pyc",
    "lib/python3.8/site-packages/typed_ast/_ast27.cpython-38-darwin.so",
    "lib/python3.8/site-packages/typed_ast/_ast3.cpython-38-darwin.so",
    "lib/python3.8/site-packages/typed_ast/ast27.py",
    "lib/python3.8/site-packages/typed_ast/ast3.py",
    "lib/python3.8/site-packages/typed_ast/conversions.py",
    "lib/python3.8/site-packages/typed_ast/tests/__pycache__/test_basics.cpython-38.pyc",
    "lib/python3.8/site-packages/typed_ast/tests/test_basics.py"
  ],
  "fn": "typed-ast-1.5.4-py38h0dd4459_0.tar.bz2",
  "license": "Apache-2.0",
  "license_family": "Apache",
  "link": {
    "source": "/opt/homebrew/anaconda3/pkgs/typed-ast-1.5.4-py38h0dd4459_0",
    "type": 1
  },
  "md5": "ad55831bd6ae72a6e2104ed7ae978e06",
  "name": "typed-ast",
  "package_tarball_full_path": "/opt/homebrew/anaconda3/pkgs/typed-ast-1.5.4-py38h0dd4459_0.tar.bz2",
  "paths_data": {
    "paths": [
      {
        "_path": "lib/python3.8/site-packages/typed_ast-1.5.4.dist-info/INSTALLER",
        "path_type": "hardlink",
        "sha256": "d0edee15f91b406f3f99726e44eb990be6e34fd0345b52b910c568e0eef6a2a8",
        "sha256_in_prefix": "d0edee15f91b406f3f99726e44eb990be6e34fd0345b52b910c568e0eef6a2a8",
        "size_in_bytes": 5
      },
      {
        "_path": "lib/python3.8/site-packages/typed_ast-1.5.4.dist-info/LICENSE",
        "path_type": "hardlink",
        "sha256": "3f07c33e21c93a2dbf4fa239d1fc626268a5b081e8b79aca3b8f0a47b050f14c",
        "sha256_in_prefix": "3f07c33e21c93a2dbf4fa239d1fc626268a5b081e8b79aca3b8f0a47b050f14c",
        "size_in_bytes": 15191
      },
      {
        "_path": "lib/python3.8/site-packages/typed_ast-1.5.4.dist-info/METADATA",
        "path_type": "hardlink",
        "sha256": "3a5559e5c5658655d69a005782f37d2a65146b087ac948b04c208a14e60136ca",
        "sha256_in_prefix": "3a5559e5c5658655d69a005782f37d2a65146b087ac948b04c208a14e60136ca",
        "size_in_bytes": 1476
      },
      {
        "_path": "lib/python3.8/site-packages/typed_ast-1.5.4.dist-info/RECORD",
        "path_type": "hardlink",
        "sha256": "c2a12633efb16a43cca5a18e2775a3c7e678a26febe202ad3b421c930608a8b6",
        "sha256_in_prefix": "c2a12633efb16a43cca5a18e2775a3c7e678a26febe202ad3b421c930608a8b6",
        "size_in_bytes": 1523
      },
      {
        "_path": "lib/python3.8/site-packages/typed_ast-1.5.4.dist-info/REQUESTED",
        "path_type": "hardlink",
        "sha256": "e3b0c44298fc1c149afbf4c8996fb92427ae41e4649b934ca495991b7852b855",
        "sha256_in_prefix": "e3b0c44298fc1c149afbf4c8996fb92427ae41e4649b934ca495991b7852b855",
        "size_in_bytes": 0
      },
      {
        "_path": "lib/python3.8/site-packages/typed_ast-1.5.4.dist-info/WHEEL",
        "path_type": "hardlink",
        "sha256": "a572e98f5c13bea943e9155410a3ae19019e157d0d38fc83aec0bef715439985",
        "sha256_in_prefix": "a572e98f5c13bea943e9155410a3ae19019e157d0d38fc83aec0bef715439985",
        "size_in_bytes": 109
      },
      {
        "_path": "lib/python3.8/site-packages/typed_ast-1.5.4.dist-info/direct_url.json",
        "path_type": "hardlink",
        "sha256": "51c0b6d0ab802fcac11b847384eb7a2c703b3155fee034669e3340ee531ce2e2",
        "sha256_in_prefix": "51c0b6d0ab802fcac11b847384eb7a2c703b3155fee034669e3340ee531ce2e2",
        "size_in_bytes": 97
      },
      {
        "_path": "lib/python3.8/site-packages/typed_ast-1.5.4.dist-info/top_level.txt",
        "path_type": "hardlink",
        "sha256": "2c2981ca0616068eaaa88a1a64d89ca3153e0cef6047626f8509152704b23759",
        "sha256_in_prefix": "2c2981ca0616068eaaa88a1a64d89ca3153e0cef6047626f8509152704b23759",
        "size_in_bytes": 23
      },
      {
        "_path": "lib/python3.8/site-packages/typed_ast/__init__.py",
        "path_type": "hardlink",
        "sha256": "eaba33026d86b36aa2274b04fd9286d88111483e51877ca75555bd4d0afd6145",
        "sha256_in_prefix": "eaba33026d86b36aa2274b04fd9286d88111483e51877ca75555bd4d0afd6145",
        "size_in_bytes": 22
      },
      {
        "_path": "lib/python3.8/site-packages/typed_ast/__pycache__/__init__.cpython-38.pyc",
        "path_type": "hardlink",
        "sha256": "a76e837b689bcbbea1f2d5af92b7e0afff2c7c8489f7acc7a38d0f5798f7416d",
        "sha256_in_prefix": "a76e837b689bcbbea1f2d5af92b7e0afff2c7c8489f7acc7a38d0f5798f7416d",
        "size_in_bytes": 161
      },
      {
        "_path": "lib/python3.8/site-packages/typed_ast/__pycache__/ast27.cpython-38.pyc",
        "path_type": "hardlink",
        "sha256": "11c002220a154d9ad74a1d9668ccf46f93370f459c71451cb1830a2feb367d32",
        "sha256_in_prefix": "11c002220a154d9ad74a1d9668ccf46f93370f459c71451cb1830a2feb367d32",
        "size_in_bytes": 12433
      },
      {
        "_path": "lib/python3.8/site-packages/typed_ast/__pycache__/ast3.cpython-38.pyc",
        "path_type": "hardlink",
        "sha256": "bfcba86a6a83d01d7cbbfe2247f343d48715235a11617568fef546d69555aed1",
        "sha256_in_prefix": "bfcba86a6a83d01d7cbbfe2247f343d48715235a11617568fef546d69555aed1",
        "size_in_bytes": 13340
      },
      {
        "_path": "lib/python3.8/site-packages/typed_ast/__pycache__/conversions.cpython-38.pyc",
        "path_type": "hardlink",
        "sha256": "7e032e6cbedb2bb6dca3fa337d223449c9661b306a48eb345eaa1a21d69f1052",
        "sha256_in_prefix": "7e032e6cbedb2bb6dca3fa337d223449c9661b306a48eb345eaa1a21d69f1052",
        "size_in_bytes": 7922
      },
      {
        "_path": "lib/python3.8/site-packages/typed_ast/_ast27.cpython-38-darwin.so",
        "path_type": "hardlink",
        "sha256": "d1651b2d8dca1857368692b02be4e0ed0a8d218ed68776a94b05a1acaa9eacab",
        "sha256_in_prefix": "d1651b2d8dca1857368692b02be4e0ed0a8d218ed68776a94b05a1acaa9eacab",
        "size_in_bytes": 210040
      },
      {
        "_path": "lib/python3.8/site-packages/typed_ast/_ast3.cpython-38-darwin.so",
        "path_type": "hardlink",
        "sha256": "d3581ca25edc3c0bfa6882263255867b44d441c8add2fd19a6aac2cd9560cc20",
        "sha256_in_prefix": "d3581ca25edc3c0bfa6882263255867b44d441c8add2fd19a6aac2cd9560cc20",
        "size_in_bytes": 250088
      },
      {
        "_path": "lib/python3.8/site-packages/typed_ast/ast27.py",
        "path_type": "hardlink",
        "sha256": "328b8d9a5494208344ca5dcb05aefde835c1bd934e8e8e7e8023f3a184436f54",
        "sha256_in_prefix": "328b8d9a5494208344ca5dcb05aefde835c1bd934e8e8e7e8023f3a184436f54",
        "size_in_bytes": 12630
      },
      {
        "_path": "lib/python3.8/site-packages/typed_ast/ast3.py",
        "path_type": "hardlink",
        "sha256": "d856ffd135249f19833f30573d87b55e41a124bd49c5e476ccb8af5882374ea2",
        "sha256_in_prefix": "d856ffd135249f19833f30573d87b55e41a124bd49c5e476ccb8af5882374ea2",
        "size_in_bytes": 13761
      },
      {
        "_path": "lib/python3.8/site-packages/typed_ast/conversions.py",
        "path_type": "hardlink",
        "sha256": "27dc010c283e8adddcc5f4a72003169c10e2c0bca97d105ced14dfb51226c1a9",
        "sha256_in_prefix": "27dc010c283e8adddcc5f4a72003169c10e2c0bca97d105ced14dfb51226c1a9",
        "size_in_bytes": 8632
      },
      {
        "_path": "lib/python3.8/site-packages/typed_ast/tests/__pycache__/test_basics.cpython-38.pyc",
        "path_type": "hardlink",
        "sha256": "f73316d47627d060e61c8c7a5c8d262cb5312f23b208b64e99fa887ede214c1d",
        "sha256_in_prefix": "f73316d47627d060e61c8c7a5c8d262cb5312f23b208b64e99fa887ede214c1d",
        "size_in_bytes": 7333
      },
      {
        "_path": "lib/python3.8/site-packages/typed_ast/tests/test_basics.py",
        "path_type": "hardlink",
        "sha256": "d9a4263977ea2b204d695a41f4579890ca925b2f50cf5686c150acef422b0caa",
        "sha256_in_prefix": "d9a4263977ea2b204d695a41f4579890ca925b2f50cf5686c150acef422b0caa",
        "size_in_bytes": 7516
      }
    ],
    "paths_version": 1
  },
  "requested_spec": "None",
  "sha256": "1d623e941f6065d306cbe4dbe3905ba32436c798ed3a48ab93b4dc8b29ba65fd",
  "size": 191253,
  "subdir": "osx-64",
  "timestamp": 1653226286060,
  "track_features": "",
  "url": "https://conda.anaconda.org/conda-forge/osx-64/typed-ast-1.5.4-py38h0dd4459_0.tar.bz2",
  "version": "1.5.4"
}